time,longitude,latitude,pressure_hPa,geopotential height_m,temperature_C,dew point temperature_C,ice point temperature_C,relative humidity_%,humidity wrt ice_%,mixing ratio_g/kg,wind direction_degree,wind speed_m/s
2011-05-16 12:00:00,-80.5500,28.4600,1007.0,    3, 21.2, 15.2, 15.2, 69, 69,10.84,270, 2.1
2011-05-16 12:00:00,-80.5500,28.4600,1001.0,   60, 19.6, 15.9, 15.9, 79, 79,11.42,261, 3.4
2011-05-16 12:00:00,-80.5500,28.4600,1000.0,   70, 19.4, 15.9, 15.9, 80, 80,11.43,260, 3.6
2011-05-16 12:00:00,-80.5500,28.4600, 998.0,   87, 19.0, 15.7, 15.7, 81, 81,11.30,261, 3.7
2011-05-16 12:00:00,-80.5500,28.4600, 973.0,  305, 17.8, 10.3, 10.3, 62, 62, 8.09,280, 5.2
2011-05-16 12:00:00,-80.5500,28.4600, 970.0,  332, 17.6,  9.6,  9.6, 59, 59, 7.75,280, 5.2
2011-05-16 12:00:00,-80.5500,28.4600, 953.0,  483, 16.2, 11.9, 11.9, 76, 76, 9.22,280, 5.7
2011-05-16 12:00:00,-80.5500,28.4600, 938.8,  610, 15.1, 11.3, 11.3, 78, 78, 8.99,280, 6.2
2011-05-16 12:00:00,-80.5500,28.4600, 925.0,  736, 14.0, 10.7, 10.7, 81, 81, 8.76,270, 6.7
2011-05-16 12:00:00,-80.5500,28.4600, 912.0,  855, 13.0, 10.5, 10.5, 85, 85, 8.77,267, 7.4
2011-05-16 12:00:00,-80.5500,28.4600, 905.7,  914, 12.5, 10.4, 10.4, 87, 87, 8.79,265, 7.7
2011-05-16 12:00:00,-80.5500,28.4600, 893.0, 1032, 11.6, 10.3, 10.3, 92, 92, 8.84,269, 8.3
2011-05-16 12:00:00,-80.5500,28.4600, 886.0, 1098, 11.0, 10.2, 10.2, 95, 95, 8.85,271, 8.7
2011-05-16 12:00:00,-80.5500,28.4600, 873.3, 1219, 10.5,  9.1,  9.1, 91, 91, 8.31,275, 9.3
2011-05-16 12:00:00,-80.5500,28.4600, 867.0, 1279, 10.2,  8.5,  8.5, 89, 89, 8.06,276, 9.7
2011-05-16 12:00:00,-80.5500,28.4600, 850.0, 1444,  9.0,  7.4,  7.4, 90, 90, 7.62,280,10.8
2011-05-16 12:00:00,-80.5500,28.4600, 848.0, 1464,  8.8,  7.3,  7.3, 90, 90, 7.59,280,11.0
2011-05-16 12:00:00,-80.5500,28.4600, 845.0, 1493,  8.4,  7.0,  7.0, 91, 91, 7.46,280,11.3
2011-05-16 12:00:00,-80.5500,28.4600, 833.0, 1611,  7.6,  6.5,  6.5, 93, 93, 7.31,280,12.6
2011-05-16 12:00:00,-80.5500,28.4600, 830.0, 1641,  9.0,  4.7,  4.7, 74, 74, 6.46,280,12.9
2011-05-16 12:00:00,-80.5500,28.4600, 811.4, 1829,  9.0,  3.0,  3.0, 66, 66, 5.88,280,14.9
2011-05-16 12:00:00,-80.5500,28.4600, 782.1, 2134,  9.0,  0.4,  0.4, 55, 55, 5.02,280,14.9
2011-05-16 12:00:00,-80.5500,28.4600, 754.0, 2438,  9.0, -2.3, -2.1, 45, 45, 4.28,280,15.4
2011-05-16 12:00:00,-80.5500,28.4600, 727.0, 2741,  9.0, -5.0, -4.4, 37, 37, 3.63,280,15.4
2011-05-16 12:00:00,-80.5500,28.4600, 726.8, 2743,  9.0, -5.0, -4.4, 37, 37, 3.63,280,15.4
2011-05-16 12:00:00,-80.5500,28.4600, 700.0, 3053,  6.4, -6.6, -5.9, 39, 39, 3.33,280,17.5
2011-05-16 12:00:00,-80.5500,28.4600, 649.6, 3658,  1.3, -9.1, -8.1, 46, 46, 2.95,285,19.0
2011-05-16 12:00:00,-80.5500,28.4600, 641.0, 3766,  0.4, -9.6, -8.5, 47, 47, 2.88,284,18.1
2011-05-16 12:00:00,-80.5500,28.4600, 636.0, 3829,  0.0, -9.0, -8.0, 51, 51, 3.04,284,17.5
2011-05-16 12:00:00,-80.5500,28.4600, 624.0, 3981, -0.5,-15.5,-13.9, 31, 31, 1.83,282,16.1
2011-05-16 12:00:00,-80.5500,28.4600, 601.9, 4267, -2.1,-20.9,-18.7, 22, 23, 1.21,280,13.4
2011-05-16 12:00:00,-80.5500,28.4600, 589.0, 4440, -3.1,-24.1,-21.7, 18, 19, 0.93,274,12.5
2011-05-16 12:00:00,-80.5500,28.4600, 585.0, 4493, -3.5,-23.5,-21.2, 20, 20, 0.98,273,12.2
2011-05-16 12:00:00,-80.5500,28.4600, 567.0, 4739, -5.7,-20.7,-18.6, 30, 31, 1.30,265,11.0
2011-05-16 12:00:00,-80.5500,28.4600, 557.0, 4877, -6.7,-22.1,-19.9, 28, 30, 1.17,260,10.3
2011-05-16 12:00:00,-80.5500,28.4600, 535.4, 5182, -8.9,-25.3,-22.8, 25, 28, 0.92,260, 9.8
2011-05-16 12:00:00,-80.5500,28.4600, 500.0, 5710,-12.7,-30.7,-27.8, 21, 23, 0.59,260,14.4
2011-05-16 12:00:00,-80.5500,28.4600, 474.8, 6096,-15.6,-34.7,-31.6, 18, 21, 0.42,250,14.9
2011-05-16 12:00:00,-80.5500,28.4600, 437.6, 6706,-20.2,-41.1,-37.6, 14, 17, 0.24,260,18.0
2011-05-16 12:00:00,-80.5500,28.4600, 416.0, 7084,-23.1,-45.1,-41.3, 12, 14, 0.17,263,18.6
2011-05-16 12:00:00,-80.5500,28.4600, 401.0, 7352,-24.9,-43.9,-40.2, 15, 20, 0.20,265,19.0
2011-05-16 12:00:00,-80.5500,28.4600, 400.0, 7370,-25.1,-44.1,-40.4, 15, 20, 0.19,265,19.0
2011-05-16 12:00:00,-80.5500,28.4600, 399.0, 7388,-25.1,-44.1,-40.4, 15, 20, 0.19,265,19.0
2011-05-16 12:00:00,-80.5500,28.4600, 389.0, 7572,-26.9,-37.9,-34.5, 35, 45, 0.38,261,18.2
2011-05-16 12:00:00,-80.5500,28.4600, 386.4, 7620,-27.4,-38.1,-34.7, 35, 46, 0.37,260,18.0
2011-05-16 12:00:00,-80.5500,28.4600, 368.0, 7970,-30.7,-39.7,-36.2, 41, 55, 0.33,264,19.3
2011-05-16 12:00:00,-80.5500,28.4600, 353.0, 8265,-32.9,-44.9,-41.1, 29, 40, 0.20,268,20.4
2011-05-16 12:00:00,-80.5500,28.4600, 321.0, 8927,-38.5,-53.5,-49.3, 19, 28, 0.08,277,22.9
2011-05-16 12:00:00,-80.5500,28.4600, 311.0, 9144,-40.0,-55.9,-51.7, 17, 25, 0.06,280,23.7
2011-05-16 12:00:00,-80.5500,28.4600, 300.0, 9390,-41.7,-58.7,-54.4, 14, 21, 0.05,280,23.7
2011-05-16 12:00:00,-80.5500,28.4600, 271.6,10058,-45.7,-63.4,-58.9, 12, 19, 0.03,285,25.2
2011-05-16 12:00:00,-80.5500,28.4600, 262.0,10300,-47.1,-65.1,-60.6, 11, 18, 0.02,283,25.5
2011-05-16 12:00:00,-80.5500,28.4600, 251.0,10584,-48.9,-65.9,-61.4, 12, 20, 0.02,280,25.7
2011-05-16 12:00:00,-80.5500,28.4600, 250.0,10610,-49.1,-66.1,-61.6, 12, 20, 0.02,280,25.7
2011-05-16 12:00:00,-80.5500,28.4600, 247.8,10668,-49.3,-66.3,-61.8, 12, 20, 0.02,280,27.3
2011-05-16 12:00:00,-80.5500,28.4600, 206.0,11861,-53.9,-70.9,-66.3, 11, 19, 0.01,295,40.2
2011-05-16 12:00:00,-80.5500,28.4600, 205.2,11887,-54.1,-71.1,-66.4, 11, 19, 0.01,295,39.6
2011-05-16 12:00:00,-80.5500,28.4600, 200.0,12050,-55.1,-72.1,-67.4, 11, 18, 0.01,295,36.0
2011-05-16 12:00:00,-80.5500,28.4600, 177.6,12802,-58.6,-73.3,-68.6, 14, 24, 0.01,300,21.6
2011-05-16 12:00:00,-80.5500,28.4600, 171.0,13042,-59.7,-73.7,-69.0, 15, 27, 0.01,278,20.7
2011-05-16 12:00:00,-80.5500,28.4600, 170.0,13079,-59.7,-73.7,-69.0, 15, 27, 0.01,275,20.6
2011-05-16 12:00:00,-80.5500,28.4600, 169.3,13106,-59.6,-73.7,-69.0, 15, 26, 0.01,280,20.1
2011-05-16 12:00:00,-80.5500,28.4600, 153.7,13716,-56.5,-73.0,-68.3, 11, 19, 0.01,270,28.3
2011-05-16 12:00:00,-80.5500,28.4600, 151.0,13828,-55.9,-72.9,-68.2, 11, 18, 0.01,274,27.2
2011-05-16 12:00:00,-80.5500,28.4600, 150.0,13870,-55.9,-73.9,-69.2,  9, 16, 0.01,275,26.8
2011-05-16 12:00:00,-80.5500,28.4600, 141.0,14265,-54.9,-72.9,-68.2,  9, 16, 0.01,279,26.6
2011-05-16 12:00:00,-80.5500,28.4600, 140.0,14310,-55.1,-74.1,-69.4,  8, 14, 0.01,279,26.6
2011-05-16 12:00:00,-80.5500,28.4600, 126.7,14935,-58.1,     ,     ,   ,   ,     ,285,26.2
2011-05-16 12:00:00,-80.5500,28.4600, 120.6,15240,-59.6,     ,     ,   ,   ,     ,280,21.6
2011-05-16 12:00:00,-80.5500,28.4600, 109.4,15850,-62.6,     ,     ,   ,   ,     ,260,23.2
2011-05-16 12:00:00,-80.5500,28.4600, 104.2,16154,-64.1,     ,     ,   ,   ,     ,270,25.2
2011-05-16 12:00:00,-80.5500,28.4600, 100.0,16410,-65.3,     ,     ,   ,   ,     ,275,23.2
2011-05-16 12:00:00,-80.5500,28.4600,  97.3,16576,-65.3,     ,     ,   ,   ,     ,280,22.4
2011-05-16 12:00:00,-80.5500,28.4600,  84.6,17420,-68.3,     ,     ,   ,   ,     ,305,18.3
2011-05-16 12:00:00,-80.5500,28.4600,  82.9,17542,-68.5,     ,     ,   ,   ,     ,309,17.8
2011-05-16 12:00:00,-80.5500,28.4600,  80.0,17756,-65.9,     ,     ,   ,   ,     ,316,16.7
2011-05-16 12:00:00,-80.5500,28.4600,  72.0,18391,-68.3,     ,     ,   ,   ,     ,335,13.7
2011-05-16 12:00:00,-80.5500,28.4600,  70.0,18560,-66.9,     ,     ,   ,   ,     ,340,12.9
2011-05-16 12:00:00,-80.5500,28.4600,  65.8,18934,-67.3,     ,     ,   ,   ,     ,  6,11.5
2011-05-16 12:00:00,-80.5500,28.4600,  61.1,19387,-62.7,     ,     ,   ,   ,     , 37,10.0
2011-05-16 12:00:00,-80.5500,28.4600,  53.5,20204,-64.3,     ,     ,   ,   ,     , 92, 7.1
2011-05-16 12:00:00,-80.5500,28.4600,  50.0,20620,-62.9,     ,     ,   ,   ,     ,120, 5.7
2011-05-16 12:00:00,-80.5500,28.4600,  38.3,22292,-55.9,     ,     ,   ,   ,     ,107,10.8
2011-05-16 12:00:00,-80.5500,28.4600,  34.6,22938,-56.7,     ,     ,   ,   ,     ,102,12.7
2011-05-16 12:00:00,-80.5500,28.4600,  30.0,23850,-53.9,     ,     ,   ,   ,     , 95,15.4
2011-05-16 12:00:00,-80.5500,28.4600,  22.2,25801,-49.7,     ,     ,   ,   ,     ,106,12.0
2011-05-16 12:00:00,-80.5500,28.4600,  20.0,26490,-45.5,     ,     ,   ,   ,     ,110,10.8
2011-05-16 12:00:00,-80.5500,28.4600,  19.5,26660,-44.1,     ,     ,   ,   ,     ,116,10.6
2011-05-16 12:00:00,-80.5500,28.4600,  16.7,27697,-46.1,     ,     ,   ,   ,     ,156, 9.6
2011-05-16 12:00:00,-80.5500,28.4600,  15.7,28108,-45.9,     ,     ,   ,   ,     ,171, 9.2
2011-05-16 12:00:00,-80.5500,28.4600,  14.5,28644,-40.7,     ,     ,   ,   ,     ,191, 8.7
2011-05-16 12:00:00,-80.5500,28.4600,  10.8,30646,-42.5,     ,     ,   ,   ,     ,266, 6.7
2011-05-16 12:00:00,-80.5500,28.4600,  10.5,30837,-40.3,     ,     ,   ,   ,     ,273, 6.5
2011-05-16 12:00:00,-80.5500,28.4600,  10.0,31170,-41.3,     ,     ,   ,   ,     ,285, 6.2
2011-05-16 12:00:00,-80.5500,28.4600,   8.8,32039,-40.3,     ,     ,   ,   ,     ,   ,    
