page,run,rnl,config,beta,bdflap,rudder,elevon,spdbrk,mach,alpha,cn,cy,ca,clm,cyn,cbl,cl,cd,note
714,1,1.71,OA98 (O11-M7+M14) REQ001,0.0,-11.7,0.0,0.0,55.0,5.25,12.012,0.20426,-0.00338,0.0578,-0.01659,-0.00068,0.00014,0.18776,0.09905,
714,1,1.71,OA98 (O11-M7+M14) REQ001,0.0,-11.7,0.0,0.0,55.0,5.25,16.062,0.31768,-0.00332,0.05728,-0.01569,-0.0008,0.00013,0.28943,0.14293,
714,1,1.71,OA98 (O11-M7+M14) REQ001,0.0,-11.7,0.0,0.0,55.0,5.25,20.112,0.4448,-0.0038,0.05773,-0.01574,-0.00094,2e-05,0.39783,0.20716,
714,1,1.71,OA98 (O11-M7+M14) REQ001,0.0,-11.7,0.0,0.0,55.0,5.25,24.439,0.59723,-0.00424,0.05902,-0.01816,-0.00118,8e-05,0.5193,0.30082,
714,1,1.71,OA98 (O11-M7+M14) REQ001,0.0,-11.7,0.0,0.0,55.0,5.25,28.446,0.75218,-0.00441,0.0609,-0.02214,-0.00121,-0.00015,0.63236,0.41183,
714,1,1.71,OA98 (O11-M7+M14) REQ001,0.0,-11.7,0.0,0.0,55.0,5.25,32.5,0.92109,-0.00435,0.06131,-0.02832,-0.00148,-0.00018,0.7439,0.54661,
714,1,1.71,OA98 (O11-M7+M14) REQ001,0.0,-11.7,0.0,0.0,55.0,5.25,36.706,1.09882,-0.00432,0.06023,-0.03666,-0.0017,-0.0003,0.84493,0.70506,
714,1,1.71,OA98 (O11-M7+M14) REQ001,0.0,-11.7,0.0,0.0,55.0,5.25,40.857,1.27903,-0.00393,0.05856,-0.04811,-0.00185,-0.00026,0.92908,0.881,
714,1,1.71,OA98 (O11-M7+M14) REQ001,0.0,-11.7,0.0,0.0,55.0,5.25,42.803,1.36614,-0.004,0.05655,-0.05459,-0.00196,-0.00031,0.9639,0.96976,
714,25,1.5,OA98 (O11-M7+M14) REQ001,0.0,-11.7,0.0,0.0,55.0,10.27,12.731,0.1656,-0.00267,0.05294,-0.00736,-0.00046,0.00017,0.14987,0.08814,
714,25,1.5,OA98 (O11-M7+M14) REQ001,0.0,-11.7,0.0,0.0,55.0,10.27,16.597,0.26897,-0.00228,0.05333,-0.00271,-0.00034,0.00016,0.24254,0.12793,
714,25,1.5,OA98 (O11-M7+M14) REQ001,0.0,-11.7,0.0,0.0,55.0,10.27,20.395,0.38004,-0.00232,0.05505,0.00095,-0.00049,0.00021,0.33704,0.18404,
714,25,1.5,OA98 (O11-M7+M14) REQ001,0.0,-11.7,0.0,0.0,55.0,10.27,24.562,0.52612,-0.00253,0.05699,0.00107,-0.00056,-0.00037,0.45482,0.27053,
714,25,1.5,OA98 (O11-M7+M14) REQ001,0.0,-11.7,0.0,0.0,55.0,10.27,28.419,0.67365,-0.00076,0.05876,-0.0032,-0.00063,0.00046,0.5645,0.37228,
714,25,1.5,OA98 (O11-M7+M14) REQ001,0.0,-11.7,0.0,0.0,55.0,10.27,32.271,0.83147,-0.00071,0.05992,-0.00511,-0.00099,0.00099,0.67104,0.49461,
714,25,1.5,OA98 (O11-M7+M14) REQ001,0.0,-11.7,0.0,0.0,55.0,10.27,36.234,0.99843,-0.0015,0.06023,-0.01358,-0.00098,5e-05,0.76974,0.63874,
714,25,1.5,OA98 (O11-M7+M14) REQ001,0.0,-11.7,0.0,0.0,55.0,10.27,40.188,1.17185,-0.00189,0.05941,-0.02789,-0.00101,-6e-05,0.85687,0.80157,
714,25,1.5,OA98 (O11-M7+M14) REQ001,0.0,-11.7,0.0,0.0,55.0,10.27,42.028,1.24349,-0.00217,0.05826,-0.03068,-0.00103,-0.00083,0.88468,0.87579,
716,2,1.79,OA98 (O11-M7+M14) REQ002,0.0,-11.7,0.0,-10.0,55.0,5.25,11.9,0.18926,-0.00413,0.05981,-0.00771,-0.00053,0.00019,0.17286,0.09755,
716,2,1.79,OA98 (O11-M7+M14) REQ002,0.0,-11.7,0.0,-10.0,55.0,5.25,15.98,0.30079,-0.00421,0.05893,-0.00389,-0.00077,0.00018,0.27294,0.13946,
716,2,1.79,OA98 (O11-M7+M14) REQ002,0.0,-11.7,0.0,-10.0,55.0,5.25,19.998,0.42479,-0.00452,0.05933,-0.00089,-0.00089,0.00011,0.37889,0.20102,
716,2,1.79,OA98 (O11-M7+M14) REQ002,0.0,-11.7,0.0,-10.0,55.0,5.25,24.36,0.57472,-0.00532,0.06052,0.00137,-0.001,-7e-05,0.49859,0.29219,
716,2,1.79,OA98 (O11-M7+M14) REQ002,0.0,-11.7,0.0,-10.0,55.0,5.25,28.449,0.72711,-0.00528,0.06067,0.00215,-0.00115,-5e-05,0.6104,0.39972,
716,2,1.79,OA98 (O11-M7+M14) REQ002,0.0,-11.7,0.0,-10.0,55.0,5.25,32.463,0.88783,-0.00551,0.06008,0.0004,-0.00159,-2e-05,0.71685,0.52724,row the old parser dropped; read from the scan
716,2,1.79,OA98 (O11-M7+M14) REQ002,0.0,-11.7,0.0,-10.0,55.0,5.25,36.657,1.06048,-0.0053,0.05811,-0.00333,-0.00176,-0.00012,0.81605,0.67974,
716,2,1.79,OA98 (O11-M7+M14) REQ002,0.0,-11.7,0.0,-10.0,55.0,5.25,40.82,1.23314,-0.00514,0.05511,-0.00965,-0.00187,-0.00018,0.89716,0.8478,
716,2,1.79,OA98 (O11-M7+M14) REQ002,0.0,-11.7,0.0,-10.0,55.0,5.25,42.771,1.31578,-0.00516,0.05314,-0.01365,-0.00187,-0.00028,0.92979,0.93252,
716,24,1.57,OA98 (O11-M7+M14) REQ002,0.0,-11.7,0.0,-10.0,55.0,10.27,12.705,0.1571,-0.00298,0.05253,-0.00165,-0.00046,0.00018,0.1417,0.08579,CY sign settled from the scan (zoomed)
716,24,1.57,OA98 (O11-M7+M14) REQ002,0.0,-11.7,0.0,-10.0,55.0,10.27,16.589,0.25807,-0.00281,0.05358,0.00691,-0.00036,-1e-05,0.23204,0.12503,
716,24,1.57,OA98 (O11-M7+M14) REQ002,0.0,-11.7,0.0,-10.0,55.0,10.27,20.372,0.3674,-0.00306,0.05474,0.01218,-0.00044,-0.00013,0.32537,0.17922,
716,24,1.57,OA98 (O11-M7+M14) REQ002,0.0,-11.7,0.0,-10.0,55.0,10.27,24.565,0.50696,-0.00249,0.05644,0.01648,-0.00065,0.00038,0.43761,0.26208,
716,24,1.57,OA98 (O11-M7+M14) REQ002,0.0,-11.7,0.0,-10.0,55.0,10.27,28.387,0.65516,-0.00143,0.05849,0.02029,-0.00077,0.00052,0.54857,0.36294,
716,24,1.57,OA98 (O11-M7+M14) REQ002,0.0,-11.7,0.0,-10.0,55.0,10.27,32.209,0.79029,-0.00195,0.05764,0.01649,-0.00074,-0.00045,0.63795,0.47,
716,24,1.57,OA98 (O11-M7+M14) REQ002,0.0,-11.7,0.0,-10.0,55.0,10.27,36.184,0.9562,-0.00155,0.0571,0.01434,-0.00101,0.00041,0.73807,0.61061,
716,24,1.57,OA98 (O11-M7+M14) REQ002,0.0,-11.7,0.0,-10.0,55.0,10.27,40.08,1.12278,-0.00294,0.05586,0.00803,-0.00097,-0.00146,0.82312,0.76565,
716,24,1.57,OA98 (O11-M7+M14) REQ002,0.0,-11.7,0.0,-10.0,55.0,10.27,41.914,1.20549,-0.00279,0.05468,0.00546,-0.00105,-0.00106,0.86055,0.84597,
718,3,1.85,OA98 (O11-M7+M14) REQ003,0.0,-11.7,0.0,-40.0,55.0,5.25,11.988,0.16942,-0.00392,0.07106,0.0066,-0.00052,0.00043,0.15097,0.1047,
718,3,1.85,OA98 (O11-M7+M14) REQ003,0.0,-11.7,0.0,-40.0,55.0,5.25,16.045,0.28285,-0.00398,0.06719,0.01008,-0.00069,0.00039,0.25327,0.14275,
718,3,1.85,OA98 (O11-M7+M14) REQ003,0.0,-11.7,0.0,-40.0,55.0,5.25,20.005,0.40335,-0.00425,0.06552,0.0139,-0.00086,0.00021,0.35659,0.19955,
718,3,1.85,OA98 (O11-M7+M14) REQ003,0.0,-11.7,0.0,-40.0,55.0,5.25,24.423,0.54944,-0.00445,0.06513,0.01923,-0.00111,0.00022,0.47335,0.28649,
718,3,1.85,OA98 (O11-M7+M14) REQ003,0.0,-11.7,0.0,-40.0,55.0,5.25,28.345,0.69239,-0.00453,0.06592,0.02327,-0.00134,0.00017,0.57808,0.38675,
718,3,1.85,OA98 (O11-M7+M14) REQ003,0.0,-11.7,0.0,-40.0,55.0,5.25,32.501,0.85133,-0.0049,0.06814,0.02521,-0.00166,0.00022,0.68139,0.5149,
718,3,1.85,OA98 (O11-M7+M14) REQ003,0.0,-11.7,0.0,-40.0,55.0,5.25,36.708,1.01717,-0.00539,0.06623,0.0278,-0.002,0.00024,0.77586,0.6611,
718,3,1.85,OA98 (O11-M7+M14) REQ003,0.0,-11.7,0.0,-40.0,55.0,5.25,40.846,1.18152,-0.00511,0.06366,0.02807,-0.00199,0.00016,0.85215,0.8209,
718,3,1.85,OA98 (O11-M7+M14) REQ003,0.0,-11.7,0.0,-40.0,55.0,5.25,42.815,1.2593,-0.00535,0.06319,0.02761,-0.0021,9e-05,0.88083,0.90221,
718,23,1.47,OA98 (O11-M7+M14) REQ003,0.0,-11.7,0.0,-40.0,55.0,10.27,12.701,0.14433,-0.0043,0.05747,0.00793,0.00047,0.00024,0.12816,0.0878,CY settled from the scan (zoomed)
718,23,1.47,OA98 (O11-M7+M14) REQ003,0.0,-11.7,0.0,-40.0,55.0,10.27,16.537,0.24333,-0.00386,0.05689,0.01574,0.00048,0.00028,0.21707,0.1238,CL decimal point restored
718,23,1.47,OA98 (O11-M7+M14) REQ003,0.0,-11.7,0.0,-40.0,55.0,10.27,20.372,0.35461,-0.00534,0.05799,0.02258,0.00032,-0.00022,0.31224,0.17781,
718,23,1.47,OA98 (O11-M7+M14) REQ003,0.0,-11.7,0.0,-40.0,55.0,10.27,24.464,0.49074,-0.00278,0.06022,0.03042,-9e-05,0.00053,0.42174,0.25804,was raw OCR; read from the scan
718,23,1.47,OA98 (O11-M7+M14) REQ003,0.0,-11.7,0.0,-40.0,55.0,10.27,28.407,0.63011,-0.00336,0.06249,0.03416,-0.00018,0.00023,0.52451,0.35473,"CYN, CBL settled from the scan (zoomed)"
718,23,1.47,OA98 (O11-M7+M14) REQ003,0.0,-11.7,0.0,-40.0,55.0,10.27,32.181,0.77107,-0.00345,0.06413,0.03723,-0.00038,-0.00065,0.61845,0.46494,
718,23,1.47,OA98 (O11-M7+M14) REQ003,0.0,-11.7,0.0,-40.0,55.0,10.27,36.155,0.93051,-0.00367,0.06551,0.04353,-0.0004,-0.00025,0.71266,0.60187,
718,23,1.47,OA98 (O11-M7+M14) REQ003,0.0,-11.7,0.0,-40.0,55.0,10.27,40.102,1.08928,-0.00357,0.06579,0.04335,-0.00084,-0.00049,0.79082,0.75198,was raw OCR; read from the scan
718,23,1.47,OA98 (O11-M7+M14) REQ003,0.0,-11.7,0.0,-40.0,55.0,10.27,41.882,1.15969,-0.00195,0.06474,0.04087,-0.00088,-1e-05,0.82019,0.82241,"ALPHA, CN, CA settled from the scan (zoomed)"
720,4,1.57,OA98 (O11-M7+M14) REQ004,0.0,-11.7,0.0,0.0,85.0,5.25,11.987,0.20411,-0.00403,0.06064,-0.01626,-0.00064,0.00012,0.18706,0.10171,
720,4,1.57,OA98 (O11-M7+M14) REQ004,0.0,-11.7,0.0,0.0,85.0,5.25,16.034,0.32047,-0.00369,0.06033,-0.01501,-0.00079,6e-05,0.29134,0.1465,
720,4,1.57,OA98 (O11-M7+M14) REQ004,0.0,-11.7,0.0,0.0,85.0,5.25,20.033,0.44844,-0.00396,0.06035,-0.01461,-0.00094,6e-05,0.40064,0.21032,
720,4,1.57,OA98 (O11-M7+M14) REQ004,0.0,-11.7,0.0,0.0,85.0,5.25,24.358,0.60182,-0.00472,0.06056,-0.01561,-0.00101,4e-05,0.52327,0.30338,
720,4,1.57,OA98 (O11-M7+M14) REQ004,0.0,-11.7,0.0,0.0,85.0,5.25,28.462,0.76158,-0.00466,0.06077,-0.01901,-0.00127,4e-05,0.64057,0.41638,
720,4,1.57,OA98 (O11-M7+M14) REQ004,0.0,-11.7,0.0,0.0,85.0,5.25,32.381,0.92678,-0.00471,0.06118,-0.02572,-0.0015,4e-05,0.7499,0.54801,CYN sign settled from the scan (zoomed)
720,4,1.57,OA98 (O11-M7+M14) REQ004,0.0,-11.7,0.0,0.0,85.0,5.25,36.694,1.11269,-0.00446,0.06103,-0.03519,-0.00161,-1e-05,0.85573,0.71381,CY settled from the scan (zoomed)
720,4,1.57,OA98 (O11-M7+M14) REQ004,0.0,-11.7,0.0,0.0,85.0,5.25,40.857,1.29394,-0.00443,0.05918,-0.04657,-0.00175,-1e-05,0.93995,0.89122,
720,4,1.57,OA98 (O11-M7+M14) REQ004,0.0,-11.7,0.0,0.0,85.0,5.25,42.821,1.37799,-0.00425,0.05873,-0.05218,-0.00191,2e-05,0.97081,0.9797,CL from the identity
721,27,1.56,OA98 (O11-M7+M14) REQ005,0.0,16.3,0.0,0.0,55.0,10.27,12.634,0.17204,-0.00373,0.05411,-0.01556,-0.00021,-0.00017,0.15604,0.09043,
721,27,1.56,OA98 (O11-M7+M14) REQ005,0.0,16.3,0.0,0.0,55.0,10.27,16.538,0.28273,-0.00328,0.0566,-0.01608,-9e-05,-0.00055,0.25492,0.13474,
721,27,1.56,OA98 (O11-M7+M14) REQ005,0.0,16.3,0.0,0.0,55.0,10.27,20.374,0.40955,-0.0028,0.05979,-0.02529,-0.00021,-0.00048,0.36311,0.19864,
721,27,1.56,OA98 (O11-M7+M14) REQ005,0.0,16.3,0.0,0.0,55.0,10.27,24.494,0.56383,-0.00336,0.06456,-0.03588,-0.00035,-0.00039,0.48632,0.29252,
721,27,1.56,OA98 (O11-M7+M14) REQ005,0.0,16.3,0.0,0.0,55.0,10.27,28.468,0.72128,-0.00244,0.0687,-0.04481,-0.00056,7e-05,0.60131,0.40421,
721,27,1.56,OA98 (O11-M7+M14) REQ005,0.0,16.3,0.0,0.0,55.0,10.27,32.254,0.87426,-0.00245,0.07134,-0.05832,-0.00066,-0.00138,0.70128,0.52691,
721,27,1.56,OA98 (O11-M7+M14) REQ005,0.0,16.3,0.0,0.0,55.0,10.27,36.238,1.05989,-0.00332,0.07489,-0.07253,-0.0008,-0.00136,0.81059,0.68695,
721,27,1.56,OA98 (O11-M7+M14) REQ005,0.0,16.3,0.0,0.0,55.0,10.27,40.194,1.23741,-0.00232,0.07622,-0.09425,-0.0009,-0.00086,0.89602,0.85681,
721,27,1.56,OA98 (O11-M7+M14) REQ005,0.0,16.3,0.0,0.0,55.0,10.27,42.025,1.32342,-0.00177,0.07663,-0.09923,-0.00105,-0.00034,0.93181,0.94289,
722,28,1.54,OA98 (O11-M7+M14) REQ006,0.0,0.0,0.0,0.0,55.0,10.27,12.73,0.17452,-0.00304,0.05416,-0.00745,-0.00046,-3e-05,0.1583,0.09129,
722,28,1.54,OA98 (O11-M7+M14) REQ006,0.0,0.0,0.0,0.0,55.0,10.27,16.632,0.28317,-0.0026,0.0549,-0.00224,-0.00059,-0.0001,0.25561,0.13365,
722,28,1.54,OA98 (O11-M7+M14) REQ006,0.0,0.0,0.0,0.0,55.0,10.27,20.433,0.40183,-0.00277,0.05661,-0.00036,-0.00072,-1e-05,0.35679,0.19333,
722,28,1.54,OA98 (O11-M7+M14) REQ006,0.0,0.0,0.0,0.0,55.0,10.27,24.53,0.54691,-0.00151,0.05898,-0.00175,-0.00078,0.00033,0.47307,0.28072,
722,28,1.54,OA98 (O11-M7+M14) REQ006,0.0,0.0,0.0,0.0,55.0,10.27,28.432,0.70659,-0.00128,0.06025,-0.0155,-0.00079,-3e-05,0.59267,0.3894,
722,28,1.54,OA98 (O11-M7+M14) REQ006,0.0,0.0,0.0,0.0,55.0,10.27,32.234,0.86672,-0.00237,0.06122,-0.02298,-0.00109,0.00015,0.70049,0.51407,
722,28,1.54,OA98 (O11-M7+M14) REQ006,0.0,0.0,0.0,0.0,55.0,10.27,36.267,1.04921,-0.00277,0.06175,-0.03732,-0.00125,-5e-05,0.80942,0.67045,
722,28,1.54,OA98 (O11-M7+M14) REQ006,0.0,0.0,0.0,0.0,55.0,10.27,40.165,1.2192,-0.00286,0.06209,-0.0398,-0.00122,-0.00038,0.89167,0.83381,
722,28,1.54,OA98 (O11-M7+M14) REQ006,0.0,0.0,0.0,0.0,55.0,10.27,42.028,1.30286,-0.00326,0.06086,-0.05388,-0.00156,-0.00011,0.92704,0.91747,
723,29,1.59,OA98 (O11-M7+M14) REQ007,5.0,-11.7,0.0,0.0,55.0,10.27,12.805,0.1656,-0.04355,0.05412,-0.00624,-0.01031,-0.00281,0.14948,0.08947,
723,29,1.59,OA98 (O11-M7+M14) REQ007,5.0,-11.7,0.0,0.0,55.0,10.27,16.678,0.2681,-0.04296,0.05512,-0.0013,-0.01007,-0.00438,0.241,0.12974,
723,29,1.59,OA98 (O11-M7+M14) REQ007,5.0,-11.7,0.0,0.0,55.0,10.27,20.447,0.3835,-0.04266,0.0571,0.00205,-0.01044,-0.00541,0.3394,0.18747,
723,29,1.59,OA98 (O11-M7+M14) REQ007,5.0,-11.7,0.0,0.0,55.0,10.27,24.602,0.52764,-0.04106,0.05856,1e-05,-0.01032,-0.00716,0.45536,0.27291,
723,29,1.59,OA98 (O11-M7+M14) REQ007,5.0,-11.7,0.0,0.0,55.0,10.27,28.532,0.67648,-0.04108,0.05987,-0.00201,-0.01033,-0.00877,0.56572,0.37572,
723,29,1.59,OA98 (O11-M7+M14) REQ007,5.0,-11.7,0.0,0.0,55.0,10.27,32.338,0.83725,-0.03982,0.06156,-0.0064,-0.01037,-0.00979,0.67447,0.49986,
723,29,1.59,OA98 (O11-M7+M14) REQ007,5.0,-11.7,0.0,0.0,55.0,10.27,36.339,1.00423,-0.03941,0.06134,-0.01415,-0.01035,-0.01083,0.77258,0.64448,
723,29,1.59,OA98 (O11-M7+M14) REQ007,5.0,-11.7,0.0,0.0,55.0,10.27,40.253,1.17424,-0.0377,0.05961,-0.02755,-0.01032,-0.01154,0.85767,0.80424,
723,29,1.59,OA98 (O11-M7+M14) REQ007,5.0,-11.7,0.0,0.0,55.0,10.27,42.135,1.25943,-0.03661,0.05971,-0.0283,-0.01022,-0.01165,0.89389,0.88921,
724,30,1.57,OA98 (O11-M7+M14) REQ008,5.0,-11.7,0.0,-40.0,55.0,10.27,12.844,0.14473,-0.04368,0.05848,0.00764,-0.00997,0.01427,0.12811,0.08919,
724,30,1.57,OA98 (O11-M7+M14) REQ008,5.0,-11.7,0.0,-40.0,55.0,10.27,16.704,0.24401,-0.04198,0.05914,0.01558,-0.00984,0.01276,0.21672,0.12679,
724,30,1.57,OA98 (O11-M7+M14) REQ008,5.0,-11.7,0.0,-40.0,55.0,10.27,20.491,0.34971,-0.0415,0.0596,0.02107,-0.00976,0.01142,0.30672,0.17824,
724,30,1.57,OA98 (O11-M7+M14) REQ008,5.0,-11.7,0.0,-40.0,55.0,10.27,24.637,0.48581,-0.03946,0.0618,0.03027,-0.0104,0.01047,0.41582,0.25869,
724,30,1.57,OA98 (O11-M7+M14) REQ008,5.0,-11.7,0.0,-40.0,55.0,10.27,28.504,0.62631,-0.03832,0.06406,0.03551,-0.01051,0.00942,0.51983,0.35518,
724,30,1.57,OA98 (O11-M7+M14) REQ008,5.0,-11.7,0.0,-40.0,55.0,10.27,32.323,0.7652,-0.038,0.06458,0.03841,-0.01024,0.00809,0.6121,0.46371,
724,30,1.57,OA98 (O11-M7+M14) REQ008,5.0,-11.7,0.0,-40.0,55.0,10.27,36.324,0.92411,-0.03723,0.06489,0.04076,-0.0103,0.00755,0.7061,0.59967,
724,30,1.57,OA98 (O11-M7+M14) REQ008,5.0,-11.7,0.0,-40.0,55.0,10.27,40.229,1.07698,-0.0345,0.06421,0.04159,-0.00986,0.00796,0.78076,0.74459,
724,30,1.57,OA98 (O11-M7+M14) REQ008,5.0,-11.7,0.0,-40.0,55.0,10.27,42.059,1.15555,-0.03608,0.06432,0.04294,-0.01007,0.0065,0.81485,0.82185,
725,5,1.54,OA98 (O11-M7+M14-N24) REQ009,0.0,-11.7,0.0,0.0,55.0,5.25,11.987,0.20474,-0.00397,0.06042,-0.01644,-0.00067,0.00012,0.18773,0.10162,
725,5,1.54,OA98 (O11-M7+M14-N24) REQ009,0.0,-11.7,0.0,0.0,55.0,5.25,16.075,0.32231,-0.00383,0.0599,-0.0152,-0.00076,9e-05,0.29312,0.1468,
725,5,1.54,OA98 (O11-M7+M14-N24) REQ009,0.0,-11.7,0.0,0.0,55.0,5.25,20.058,0.44932,-0.00387,0.05997,-0.01478,-0.00084,0.00014,0.40149,0.21043,
725,5,1.54,OA98 (O11-M7+M14-N24) REQ009,0.0,-11.7,0.0,0.0,55.0,5.25,24.4,0.60331,-0.00451,0.06019,-0.01585,-0.00094,0.00011,0.52456,0.30404,
725,5,1.54,OA98 (O11-M7+M14-N24) REQ009,0.0,-11.7,0.0,0.0,55.0,5.25,28.467,0.76212,-0.00499,0.06029,-0.01935,-0.00117,0.00011,0.64123,0.41628,
725,5,1.54,OA98 (O11-M7+M14-N24) REQ009,0.0,-11.7,0.0,0.0,55.0,5.25,32.509,0.93171,-0.00519,0.06051,-0.0261,-0.00144,0.00018,0.75319,0.55176,
725,5,1.54,OA98 (O11-M7+M14-N24) REQ009,0.0,-11.7,0.0,0.0,55.0,5.25,36.635,1.11028,-0.00497,0.06051,-0.03525,-0.00142,0.00016,0.85484,0.71108,
725,5,1.54,OA98 (O11-M7+M14-N24) REQ009,0.0,-11.7,0.0,0.0,55.0,5.25,40.832,1.29229,-0.0052,0.05881,-0.04658,-0.00163,0.0002,0.93933,0.88945,
725,5,1.54,OA98 (O11-M7+M14-N24) REQ009,0.0,-11.7,0.0,0.0,55.0,5.25,42.762,1.37632,-0.00551,0.05701,-0.05289,-0.00188,-3e-05,0.97175,0.97632,
725,20,1.56,OA98 (O11-M7+M14-N24) REQ009,0.0,-11.7,0.0,0.0,55.0,10.27,11.87,0.15223,-0.00452,0.05405,-0.00726,-0.00053,0.00014,0.13785,0.08421,
725,20,1.56,OA98 (O11-M7+M14-N24) REQ009,0.0,-11.7,0.0,0.0,55.0,10.27,15.881,0.25622,-0.00406,0.05431,-0.00185,-0.00071,1e-05,0.23158,0.12234,
725,20,1.56,OA98 (O11-M7+M14-N24) REQ009,0.0,-11.7,0.0,0.0,55.0,10.27,19.866,0.37631,-0.00329,0.05627,0.00169,-0.0007,-0.0002,0.33479,0.1808,
725,20,1.56,OA98 (O11-M7+M14-N24) REQ009,0.0,-11.7,0.0,0.0,55.0,10.27,24.142,0.52714,-0.00246,0.0589,0.0021,-0.00076,-9e-05,0.45694,0.26935,
725,20,1.56,OA98 (O11-M7+M14-N24) REQ009,0.0,-11.7,0.0,0.0,55.0,10.27,28.145,0.68948,-0.00281,0.06088,-0.00232,-0.00104,-0.00014,0.57922,0.3789,
725,20,1.56,OA98 (O11-M7+M14-N24) REQ009,0.0,-11.7,0.0,0.0,55.0,10.27,32.039,0.84872,-0.00265,0.06117,-0.00751,-0.00104,-0.0004,0.687,0.5021,
725,20,1.56,OA98 (O11-M7+M14-N24) REQ009,0.0,-11.7,0.0,0.0,55.0,10.27,36.168,1.02405,-0.00375,0.06142,-0.01935,-0.00116,-0.00087,0.79045,0.65394,
725,20,1.56,OA98 (O11-M7+M14-N24) REQ009,0.0,-11.7,0.0,0.0,55.0,10.27,40.24,1.20233,-0.00334,0.06086,-0.02675,-0.00133,-0.00094,0.87848,0.82315,
725,20,1.56,OA98 (O11-M7+M14-N24) REQ009,0.0,-11.7,0.0,0.0,55.0,10.27,42.152,1.28792,-0.00227,0.05977,-0.03086,-0.00152,0.00015,0.91471,0.90863,
727,6,1.61,OA98 (O11-M7+M14-N24) REQ010,0.0,-11.7,0.0,-10.0,55.0,5.25,11.943,0.19248,-0.00469,0.06058,-0.00792,-0.00074,0.00013,0.17578,0.0991,
727,6,1.61,OA98 (O11-M7+M14-N24) REQ010,0.0,-11.7,0.0,-10.0,55.0,5.25,16.021,0.30511,-0.0044,0.05968,-0.00388,-0.00082,0.0001,0.27679,0.14157,
727,6,1.61,OA98 (O11-M7+M14-N24) REQ010,0.0,-11.7,0.0,-10.0,55.0,5.25,19.99,0.42722,-0.0047,0.05934,-0.00026,-0.00099,9e-05,0.38119,0.20182,
727,6,1.61,OA98 (O11-M7+M14-N24) REQ010,0.0,-11.7,0.0,-10.0,55.0,5.25,24.398,0.57754,-0.00557,0.05894,0.00358,-0.00116,1e-05,0.50161,0.29224,
727,6,1.61,OA98 (O11-M7+M14-N24) REQ010,0.0,-11.7,0.0,-10.0,55.0,5.25,28.465,0.73006,-0.00536,0.05858,0.00454,-0.0014,3e-05,0.61388,0.39946,
727,6,1.61,OA98 (O11-M7+M14-N24) REQ010,0.0,-11.7,0.0,-10.0,55.0,5.25,32.464,0.89109,-0.0055,0.05769,0.00278,-0.00178,0.00013,0.72087,0.52699,
727,6,1.61,OA98 (O11-M7+M14-N24) REQ010,0.0,-11.7,0.0,-10.0,55.0,5.25,36.667,1.06838,-0.00556,0.05774,-0.0028,-0.00198,2e-05,0.82249,0.68432,
727,6,1.61,OA98 (O11-M7+M14-N24) REQ010,0.0,-11.7,0.0,-10.0,55.0,5.25,40.811,1.24178,-0.00591,0.05465,-0.00932,-0.00213,-0.00019,0.90415,0.85294,
727,6,1.61,OA98 (O11-M7+M14-N24) REQ010,0.0,-11.7,0.0,-10.0,55.0,5.25,42.814,1.32633,-0.00621,0.05148,-0.01345,-0.0023,-0.00033,0.93796,0.93917,
727,21,1.59,OA98 (O11-M7+M14-N24) REQ010,0.0,-11.7,0.0,-10.0,55.0,10.27,11.885,0.14348,-0.00271,0.05358,-0.00262,-0.00046,0.00015,0.12937,0.08198,
727,21,1.59,OA98 (O11-M7+M14-N24) REQ010,0.0,-11.7,0.0,-10.0,55.0,10.27,15.916,0.24565,-0.00308,0.05392,0.00658,-0.00064,1e-05,0.22144,0.11922,
727,21,1.59,OA98 (O11-M7+M14-N24) REQ010,0.0,-11.7,0.0,-10.0,55.0,10.27,19.859,0.36089,-0.00182,0.05552,0.01282,-0.00052,0.00041,0.32057,0.17482,
727,21,1.59,OA98 (O11-M7+M14-N24) REQ010,0.0,-11.7,0.0,-10.0,55.0,10.27,24.129,0.50476,-0.00227,0.05714,0.01796,-0.00064,0.00021,0.43731,0.25849,
727,21,1.59,OA98 (O11-M7+M14-N24) REQ010,0.0,-11.7,0.0,-10.0,55.0,10.27,28.15,0.65133,-0.00221,0.05827,0.01917,-0.00092,0.00026,0.54679,0.35867,
727,21,1.59,OA98 (O11-M7+M14-N24) REQ010,0.0,-11.7,0.0,-10.0,55.0,10.27,32.028,0.80925,-0.00235,0.05969,0.02082,-0.00102,-6e-05,0.65441,0.47978,
727,21,1.59,OA98 (O11-M7+M14-N24) REQ010,0.0,-11.7,0.0,-10.0,55.0,10.27,36.194,0.98062,-0.00183,0.05876,0.01495,-0.00116,0.00088,0.75669,0.6265,
727,21,1.59,OA98 (O11-M7+M14-N24) REQ010,0.0,-11.7,0.0,-10.0,55.0,10.27,40.237,1.15978,-0.00218,0.05688,0.00673,-0.00112,5e-05,0.8486,0.79258,
727,21,1.59,OA98 (O11-M7+M14-N24) REQ010,0.0,-11.7,0.0,-10.0,55.0,10.27,42.162,1.23085,-0.00231,0.05583,0.00846,-0.00122,0.00042,0.87489,0.86757,
729,7,1.61,OA98 (O11-M7+M14-N24) REQ011,0.0,-11.7,0.0,-40.0,55.0,5.25,12.008,0.16875,-0.00342,0.07122,0.00678,-0.00045,0.00033,0.15024,0.10477,"ALPHA, CN, CY unsure"
729,7,1.61,OA98 (O11-M7+M14-N24) REQ011,0.0,-11.7,0.0,-40.0,55.0,5.25,16.019,0.28203,-0.00408,0.06754,0.01042,-0.00047,0.00035,0.25244,0.14274,"ALPHA, CN unsure"
729,7,1.61,OA98 (O11-M7+M14-N24) REQ011,0.0,-11.7,0.0,-40.0,55.0,5.25,20.068,0.4065,-0.00418,0.06582,0.01468,-0.00075,0.00015,0.35924,0.20131,"ALPHA, CN unsure"
729,7,1.61,OA98 (O11-M7+M14-N24) REQ011,0.0,-11.7,0.0,-40.0,55.0,5.25,24.423,0.55171,-0.00428,0.06539,0.01994,-0.00088,0.00016,0.47531,0.28765,
729,7,1.61,OA98 (O11-M7+M14-N24) REQ011,0.0,-11.7,0.0,-40.0,55.0,5.25,28.487,0.69915,-0.00467,0.06637,0.02412,-0.00113,9e-05,0.58285,0.3918,
729,7,1.61,OA98 (O11-M7+M14-N24) REQ011,0.0,-11.7,0.0,-40.0,55.0,5.25,32.451,0.85198,-0.00474,0.06757,0.02699,-0.00132,0.00018,0.68269,0.51417,
729,7,1.61,OA98 (O11-M7+M14-N24) REQ011,0.0,-11.7,0.0,-40.0,55.0,5.25,36.654,1.01617,-0.00496,0.06604,0.02946,-0.0016,0.00012,0.77581,0.6596,
729,7,1.61,OA98 (O11-M7+M14-N24) REQ011,0.0,-11.7,0.0,-40.0,55.0,5.25,40.792,1.18253,-0.00502,0.06462,0.02857,-0.0019,0.00014,0.85307,0.82148,
729,7,1.61,OA98 (O11-M7+M14-N24) REQ011,0.0,-11.7,0.0,-40.0,55.0,5.25,42.736,1.26243,-0.00543,0.06275,0.02763,-0.00199,-0.00015,0.88466,0.9028,
729,22,1.46,OA98 (O11-M7+M14-N24) REQ011,0.0,-11.7,0.0,-40.0,55.0,10.27,11.958,0.13075,-0.0032,0.06099,0.00638,-0.00057,0.00024,0.11528,0.08676,
729,22,1.46,OA98 (O11-M7+M14-N24) REQ011,0.0,-11.7,0.0,-40.0,55.0,10.27,15.964,0.23209,-0.00331,0.05941,0.01318,-0.00048,-9e-05,0.2068,0.12095,
729,22,1.46,OA98 (O11-M7+M14-N24) REQ011,0.0,-11.7,0.0,-40.0,55.0,10.27,19.899,0.34487,-0.00257,0.06026,0.02095,-0.00047,4e-05,0.30377,0.17404,
729,22,1.46,OA98 (O11-M7+M14-N24) REQ011,0.0,-11.7,0.0,-40.0,55.0,10.27,24.168,0.48931,-0.00297,0.06186,0.02852,-0.00081,-0.00013,0.42109,0.25677,
729,22,1.46,OA98 (O11-M7+M14-N24) REQ011,0.0,-11.7,0.0,-40.0,55.0,10.27,28.098,0.6247,-0.00301,0.06517,0.03375,-0.00084,-0.00025,0.52038,0.3517,
729,22,1.46,OA98 (O11-M7+M14-N24) REQ011,0.0,-11.7,0.0,-40.0,55.0,10.27,32.036,0.77998,-0.00269,0.06653,0.04026,-0.00102,-0.00057,0.62591,0.47014,
729,22,1.46,OA98 (O11-M7+M14-N24) REQ011,0.0,-11.7,0.0,-40.0,55.0,10.27,36.138,0.94173,-0.00162,0.06537,0.04138,-0.00116,0.00028,0.722,0.60816,
729,22,1.46,OA98 (O11-M7+M14-N24) REQ011,0.0,-11.7,0.0,-40.0,55.0,10.27,40.091,1.10142,-0.00211,0.06701,0.04536,-0.00142,0.00045,0.79947,0.76057,
729,22,1.46,OA98 (O11-M7+M14-N24) REQ011,0.0,-11.7,0.0,-40.0,55.0,10.27,42.091,1.18414,-0.00224,0.06579,0.04183,-0.00133,0.00011,0.83463,0.84256,
731,31,1.45,OA98 (O11-M7+M14-N24) REQ012,5.0,-11.7,0.0,-40.0,55.0,10.27,11.423,0.11504,-0.04446,0.05923,0.00452,-0.01026,-0.00126,0.10103,0.08084,
731,31,1.45,OA98 (O11-M7+M14-N24) REQ012,5.0,-11.7,0.0,-40.0,55.0,10.27,15.512,0.21354,-0.04377,0.0589,0.01286,-0.00987,-0.0028,0.19001,0.11386,
731,31,1.45,OA98 (O11-M7+M14-N24) REQ012,5.0,-11.7,0.0,-40.0,55.0,10.27,19.821,0.33489,-0.04294,0.05988,0.02034,-0.00975,-0.00448,0.29474,0.16989,
731,31,1.45,OA98 (O11-M7+M14-N24) REQ012,5.0,-11.7,0.0,-40.0,55.0,10.27,23.831,0.46413,-0.04141,0.06171,0.0269,-0.01015,-0.00598,0.39962,0.24398,
731,31,1.45,OA98 (O11-M7+M14-N24) REQ012,5.0,-11.7,0.0,-40.0,55.0,10.27,27.984,0.60873,-0.04036,0.06404,0.03238,-0.01024,-0.00739,0.5075,0.34218,
731,31,1.45,OA98 (O11-M7+M14-N24) REQ012,5.0,-11.7,0.0,-40.0,55.0,10.27,32.135,0.76759,-0.03865,0.06564,0.03859,-0.01043,-0.00732,0.61507,0.46388,
731,31,1.45,OA98 (O11-M7+M14-N24) REQ012,5.0,-11.7,0.0,-40.0,55.0,10.27,36.284,0.92993,-0.03738,0.06554,0.04029,-0.01013,-0.00773,0.71082,0.60316,
731,31,1.45,OA98 (O11-M7+M14-N24) REQ012,5.0,-11.7,0.0,-40.0,55.0,10.27,40.382,1.09125,-0.03638,0.06484,0.04226,-0.00984,-0.00843,0.78924,0.7564,
731,31,1.45,OA98 (O11-M7+M14-N24) REQ012,5.0,-11.7,0.0,-40.0,55.0,10.27,42.5,1.17982,-0.03579,0.06448,0.04351,-0.01002,-0.00838,0.8263,0.84461,
732,13,1.75,OA98 (O11-N24+DUMMY STING) REQ013,0.0,-11.7,0.0,0.0,55.0,5.25,11.953,0.20395,-0.00386,0.05889,-0.01719,-0.00073,0.00017,0.18733,0.09986,
732,13,1.75,OA98 (O11-N24+DUMMY STING) REQ013,0.0,-11.7,0.0,0.0,55.0,5.25,16.078,0.32141,-0.00383,0.0583,-0.0164,-0.00081,0.00017,0.29269,0.14503,
732,13,1.75,OA98 (O11-N24+DUMMY STING) REQ013,0.0,-11.7,0.0,0.0,55.0,5.25,20.039,0.44843,-0.00415,0.0594,-0.01683,-0.00071,6e-05,0.40093,0.20946,
732,13,1.75,OA98 (O11-N24+DUMMY STING) REQ013,0.0,-11.7,0.0,0.0,55.0,5.25,24.436,0.6033,-0.00466,0.06056,-0.01793,-0.00086,7e-05,0.5242,0.30471,
732,13,1.75,OA98 (O11-N24+DUMMY STING) REQ013,0.0,-11.7,0.0,0.0,55.0,5.25,28.497,0.76042,-0.00484,0.06157,-0.02142,-0.001,0.0001,0.63891,0.41692,
732,13,1.75,OA98 (O11-N24+DUMMY STING) REQ013,0.0,-11.7,0.0,0.0,55.0,5.25,32.492,0.92786,-0.00455,0.0618,-0.02765,-0.00132,0.00017,0.74943,0.55055,
732,13,1.75,OA98 (O11-N24+DUMMY STING) REQ013,0.0,-11.7,0.0,0.0,55.0,5.25,36.734,1.1087,-0.00477,0.05966,-0.03657,-0.00149,9e-05,0.85285,0.71093,
732,13,1.75,OA98 (O11-N24+DUMMY STING) REQ013,0.0,-11.7,0.0,0.0,55.0,5.25,40.867,1.29047,-0.00508,0.05816,-0.04851,-0.00165,0.0,0.93783,0.88836,
732,13,1.75,OA98 (O11-N24+DUMMY STING) REQ013,0.0,-11.7,0.0,0.0,55.0,5.25,42.856,1.38054,-0.00514,0.05662,-0.05504,-0.0018,-0.0001,0.97352,0.98048,
732,14,1.44,OA98 (O11-N24+DUMMY STING) REQ013,0.0,-11.7,0.0,0.0,55.0,10.27,11.962,0.13983,-0.00453,0.05358,-0.00225,-0.00047,5e-05,0.12569,0.0814,
732,14,1.44,OA98 (O11-N24+DUMMY STING) REQ013,0.0,-11.7,0.0,0.0,55.0,10.27,15.913,0.24499,-0.00395,0.05398,0.00312,-0.00049,-3e-05,0.2208,0.11908,
732,14,1.44,OA98 (O11-N24+DUMMY STING) REQ013,0.0,-11.7,0.0,0.0,55.0,10.27,19.856,0.36545,-0.00406,0.05587,0.00613,-0.00046,0.00013,0.32474,0.17667,
732,14,1.44,OA98 (O11-N24+DUMMY STING) REQ013,0.0,-11.7,0.0,0.0,55.0,10.27,24.169,0.51627,-0.00434,0.0582,0.00676,-0.00065,0.00015,0.44719,0.26447,
732,14,1.44,OA98 (O11-N24+DUMMY STING) REQ013,0.0,-11.7,0.0,0.0,55.0,10.27,28.098,0.67245,-0.0043,0.06035,0.00408,-0.00072,-0.0002,0.56478,0.36995,
732,14,1.44,OA98 (O11-N24+DUMMY STING) REQ013,0.0,-11.7,0.0,0.0,55.0,10.27,31.974,0.8311,-0.00356,0.06145,-0.00156,-0.00084,0.00024,0.67247,0.49223,
732,14,1.44,OA98 (O11-N24+DUMMY STING) REQ013,0.0,-11.7,0.0,0.0,55.0,10.27,36.105,1.00681,-0.00387,0.06158,-0.01115,-0.00078,-0.0005,0.77715,0.64304,
732,14,1.44,OA98 (O11-N24+DUMMY STING) REQ013,0.0,-11.7,0.0,0.0,55.0,10.27,40.229,1.19475,-0.00387,0.06102,-0.02259,-0.00103,0.00019,0.87275,0.81821,
732,14,1.44,OA98 (O11-N24+DUMMY STING) REQ013,0.0,-11.7,0.0,0.0,55.0,10.27,42.142,1.28052,-0.00433,0.06031,-0.02926,-0.00105,-0.00088,0.90902,0.90392,
734,11,1.79,OA98 (O11-N24+DUMMY STING) REQ014,0.0,-11.7,0.0,-10.0,55.0,5.25,11.984,0.19499,-0.00384,0.05895,-0.00882,-0.00046,0.00017,0.1785,0.09815,
734,11,1.79,OA98 (O11-N24+DUMMY STING) REQ014,0.0,-11.7,0.0,-10.0,55.0,5.25,16.055,0.30748,-0.0038,0.05838,-0.00583,-0.00068,0.00018,0.27934,0.14114,
734,11,1.79,OA98 (O11-N24+DUMMY STING) REQ014,0.0,-11.7,0.0,-10.0,55.0,5.25,20.07,0.43228,-0.00414,0.05915,-0.00275,-0.00076,0.00011,0.38572,0.2039,
734,11,1.79,OA98 (O11-N24+DUMMY STING) REQ014,0.0,-11.7,0.0,-10.0,55.0,5.25,28.412,0.72833,-0.00502,0.06062,0.00171,-0.00102,0.0001,0.61176,0.39986,
734,11,1.79,OA98 (O11-N24+DUMMY STING) REQ014,0.0,-11.7,0.0,-10.0,55.0,5.25,32.51,0.89346,-0.00464,0.05969,0.00056,-0.00128,0.00012,0.72138,0.53052,
734,11,1.79,OA98 (O11-N24+DUMMY STING) REQ014,0.0,-11.7,0.0,-10.0,55.0,5.25,36.671,1.06565,-0.00474,0.05665,-0.00349,-0.00165,8e-05,0.8209,0.68186,
734,11,1.79,OA98 (O11-N24+DUMMY STING) REQ014,0.0,-11.7,0.0,-10.0,55.0,5.25,40.812,1.24039,-0.00511,0.05393,-0.00928,-0.00182,-0.00012,0.90355,0.8515,
734,11,1.79,OA98 (O11-N24+DUMMY STING) REQ014,0.0,-11.7,0.0,-10.0,55.0,5.25,42.797,1.32588,-0.00503,0.05202,-0.01377,-0.00182,-0.00022,0.93754,0.93898,
735,10,2.07,OA98 (O11-N24+DUMMY STING) REQ015,0.0,-11.7,0.0,-40.0,55.0,5.25,11.975,0.16938,-0.00344,0.06952,0.0057,-0.00037,0.00049,0.15127,0.10314,
735,10,2.07,OA98 (O11-N24+DUMMY STING) REQ015,0.0,-11.7,0.0,-40.0,55.0,5.25,16.024,0.28188,-0.00403,0.06553,0.00863,-0.00056,0.00047,0.25284,0.14079,
735,10,2.07,OA98 (O11-N24+DUMMY STING) REQ015,0.0,-11.7,0.0,-40.0,55.0,5.25,20.051,0.40423,-0.00412,0.06446,0.01202,-0.00077,0.00037,0.35763,0.19914,
735,10,2.07,OA98 (O11-N24+DUMMY STING) REQ015,0.0,-11.7,0.0,-40.0,55.0,5.25,24.406,0.54914,-0.00437,0.06527,0.01738,-0.00098,0.00027,0.4731,0.28634,
735,10,2.07,OA98 (O11-N24+DUMMY STING) REQ015,0.0,-11.7,0.0,-40.0,55.0,5.25,28.455,0.6946,-0.00436,0.06595,0.02227,-0.00116,0.00028,0.57926,0.38894,
735,10,2.07,OA98 (O11-N24+DUMMY STING) REQ015,0.0,-11.7,0.0,-40.0,55.0,5.25,32.476,0.84815,-0.00418,0.06597,0.02575,-0.00145,0.0003,0.6801,0.51106,
735,10,2.07,OA98 (O11-N24+DUMMY STING) REQ015,0.0,-11.7,0.0,-40.0,55.0,5.25,36.657,1.01209,-0.00426,0.06495,0.02785,-0.00167,0.00035,0.77314,0.65635,
735,10,2.07,OA98 (O11-N24+DUMMY STING) REQ015,0.0,-11.7,0.0,-40.0,55.0,5.25,40.811,1.17798,-0.00453,0.0627,0.02825,-0.00182,0.00027,0.8506,0.81734,
735,10,2.07,OA98 (O11-N24+DUMMY STING) REQ015,0.0,-11.7,0.0,-40.0,55.0,5.25,42.758,1.2544,-0.00487,0.0615,0.02778,-0.00191,0.0002,0.87927,0.89677,
736,12,1.61,OA98 (O11-N24+DUMMY STING) REQ016,0.0,-11.7,0.0,0.0,85.0,5.25,11.936,0.20501,-0.00457,0.05919,-0.01659,-0.00063,0.00017,0.18834,0.10031,
736,12,1.61,OA98 (O11-N24+DUMMY STING) REQ016,0.0,-11.7,0.0,0.0,85.0,5.25,16.019,0.32197,-0.00419,0.05886,-0.01595,-0.00074,0.00019,0.29323,0.14542,
736,12,1.61,OA98 (O11-N24+DUMMY STING) REQ016,0.0,-11.7,0.0,0.0,85.0,5.25,19.999,0.45055,-0.00527,0.06032,-0.01673,-0.0008,0.00013,0.40275,0.21077,
736,12,1.61,OA98 (O11-N24+DUMMY STING) REQ016,0.0,-11.7,0.0,0.0,85.0,5.25,24.419,0.60686,-0.00535,0.06169,-0.01775,-0.00099,0.00011,0.52708,0.30704,
736,12,1.61,OA98 (O11-N24+DUMMY STING) REQ016,0.0,-11.7,0.0,0.0,85.0,5.25,28.472,0.76587,-0.00594,0.06284,-0.02071,-0.00115,8e-05,0.64328,0.42035,
736,12,1.61,OA98 (O11-N24+DUMMY STING) REQ016,0.0,-11.7,0.0,0.0,85.0,5.25,32.499,0.9323,-0.00547,0.06302,-0.02639,-0.00133,0.0001,0.75244,0.55407,
736,12,1.61,OA98 (O11-N24+DUMMY STING) REQ016,0.0,-11.7,0.0,0.0,85.0,5.25,36.774,1.1156,-0.0054,0.06195,-0.03554,-0.00164,0.0002,0.85652,0.71749,
736,12,1.61,OA98 (O11-N24+DUMMY STING) REQ016,0.0,-11.7,0.0,0.0,85.0,5.25,40.874,1.29345,-0.00493,0.05978,-0.04602,-0.00173,0.00012,0.93892,0.89163,
736,12,1.61,OA98 (O11-N24+DUMMY STING) REQ016,0.0,-11.7,0.0,0.0,85.0,5.25,42.882,1.37897,-0.00454,0.05806,-0.05195,-0.00173,0.00013,0.97094,0.98091,
737,17,1.59,OA98 (O11-M7+M14-N24+DUMMY STING) REQ017,0.0,-11.7,0.0,0.0,55.0,10.27,11.86,0.14747,-0.0024,0.05265,-0.008,-0.00029,4e-05,0.1335,0.08184,
737,17,1.59,OA98 (O11-M7+M14-N24+DUMMY STING) REQ017,0.0,-11.7,0.0,0.0,55.0,10.27,15.88,0.25261,-0.00311,0.05366,-0.00183,-0.00045,2e-05,0.22829,0.12073,
737,17,1.59,OA98 (O11-M7+M14-N24+DUMMY STING) REQ017,0.0,-11.7,0.0,0.0,55.0,10.27,19.862,0.37113,-0.00234,0.05525,0.00066,-0.00049,7e-05,0.33028,0.17805,
737,17,1.59,OA98 (O11-M7+M14-N24+DUMMY STING) REQ017,0.0,-11.7,0.0,0.0,55.0,10.27,24.114,0.51834,-0.0024,0.05738,0.00224,-0.00068,0.00028,0.44966,0.26414,
737,17,1.59,OA98 (O11-M7+M14-N24+DUMMY STING) REQ017,0.0,-11.7,0.0,0.0,55.0,10.27,28.112,0.67216,-0.00254,0.059,-0.0009,-0.00083,3e-05,0.56507,0.36875,
737,17,1.59,OA98 (O11-M7+M14-N24+DUMMY STING) REQ017,0.0,-11.7,0.0,0.0,55.0,10.27,32.023,0.83059,-0.00154,0.06028,-0.006,-0.00092,0.00071,0.67223,0.49154,
737,17,1.59,OA98 (O11-M7+M14-N24+DUMMY STING) REQ017,0.0,-11.7,0.0,0.0,55.0,10.27,36.136,1.00404,-0.00437,0.05996,-0.0184,-0.00098,-0.00259,0.77552,0.64051,
737,17,1.59,OA98 (O11-M7+M14-N24+DUMMY STING) REQ017,0.0,-11.7,0.0,0.0,55.0,10.27,40.188,1.19659,-0.00319,0.06052,-0.02282,-0.00112,0.00013,0.87506,0.81839,
737,17,1.59,OA98 (O11-M7+M14-N24+DUMMY STING) REQ017,0.0,-11.7,0.0,0.0,55.0,10.27,42.102,1.25667,-0.00128,0.05562,-0.04906,-0.00135,0.00209,0.8951,0.88381,
737,34,1.93,OA98 (O11-M7+M14-N24+DUMMY STING) REQ017,0.0,-11.7,0.0,0.0,55.0,5.25,11.609,0.19581,-0.00291,0.05976,-0.01635,-0.00062,0.00015,0.17978,0.09794,
737,34,1.93,OA98 (O11-M7+M14-N24+DUMMY STING) REQ017,0.0,-11.7,0.0,0.0,55.0,5.25,15.712,0.31165,-0.00283,0.05924,-0.01564,-0.00071,0.00025,0.28396,0.14143,
737,34,1.93,OA98 (O11-M7+M14-N24+DUMMY STING) REQ017,0.0,-11.7,0.0,0.0,55.0,5.25,20.095,0.45196,-0.00406,0.05989,-0.01619,-0.0008,0.00022,0.40387,0.21153,
737,34,1.93,OA98 (O11-M7+M14-N24+DUMMY STING) REQ017,0.0,-11.7,0.0,0.0,55.0,5.25,24.164,0.59451,-0.00478,0.06076,-0.01754,-0.00077,1e-05,0.51754,0.2988,
737,34,1.93,OA98 (O11-M7+M14-N24+DUMMY STING) REQ017,0.0,-11.7,0.0,0.0,55.0,5.25,28.418,0.76422,-0.00451,0.06347,-0.02269,-0.00113,0.00012,0.64193,0.41951,
737,34,1.93,OA98 (O11-M7+M14-N24+DUMMY STING) REQ017,0.0,-11.7,0.0,0.0,55.0,5.25,32.594,0.93882,-0.00427,0.06295,-0.02805,-0.00108,0.00012,0.75705,0.55876,
737,34,1.93,OA98 (O11-M7+M14-N24+DUMMY STING) REQ017,0.0,-11.7,0.0,0.0,55.0,5.25,36.964,1.13022,-0.00457,0.06308,-0.03491,-0.00148,7e-05,0.86513,0.73002,
737,34,1.93,OA98 (O11-M7+M14-N24+DUMMY STING) REQ017,0.0,-11.7,0.0,0.0,55.0,5.25,41.083,1.31059,-0.00517,0.06169,-0.04014,-0.00164,0.00051,0.94732,0.90776,
737,34,1.93,OA98 (O11-M7+M14-N24+DUMMY STING) REQ017,0.0,-11.7,0.0,0.0,55.0,5.25,43.241,1.41065,-0.00556,0.06116,-0.04555,-0.00191,0.00043,0.98573,1.01094,
739,15,1.26,OA98 (O11-M7+M14-N24+DUMMY STING) REQ018,0.0,-11.7,0.0,-10.0,55.0,10.27,11.883,0.141,-0.00263,0.05393,-0.00248,-0.00049,0.00019,0.12688,0.08181,
739,15,1.26,OA98 (O11-M7+M14-N24+DUMMY STING) REQ018,0.0,-11.7,0.0,-10.0,55.0,10.27,15.958,0.24375,-0.00285,0.05393,0.00536,-0.00034,-0.00023,0.21953,0.11887,
739,15,1.26,OA98 (O11-M7+M14-N24+DUMMY STING) REQ018,0.0,-11.7,0.0,-10.0,55.0,10.27,19.855,0.35695,-0.00241,0.05537,0.01213,-0.00043,0.0002,0.31693,0.17332,
739,15,1.26,OA98 (O11-M7+M14-N24+DUMMY STING) REQ018,0.0,-11.7,0.0,-10.0,55.0,10.27,24.112,0.50266,-0.00288,0.05723,0.01568,-0.00073,0.00042,0.43542,0.25759,
739,15,1.26,OA98 (O11-M7+M14-N24+DUMMY STING) REQ018,0.0,-11.7,0.0,-10.0,55.0,10.27,28.112,0.64872,-0.0027,0.05842,0.0195,-0.00078,0.00026,0.54466,0.35721,
739,15,1.26,OA98 (O11-M7+M14-N24+DUMMY STING) REQ018,0.0,-11.7,0.0,-10.0,55.0,10.27,32.038,0.8066,-0.00246,0.05952,0.02125,-0.00103,0.0003,0.65217,0.47834,
739,15,1.26,OA98 (O11-M7+M14-N24+DUMMY STING) REQ018,0.0,-11.7,0.0,-10.0,55.0,10.27,36.12,0.97416,-0.00191,0.05839,0.01342,-0.00101,0.00036,0.75249,0.62141,
739,15,1.26,OA98 (O11-M7+M14-N24+DUMMY STING) REQ018,0.0,-11.7,0.0,-10.0,55.0,10.27,40.186,1.14572,-0.0028,0.05722,0.01366,-0.00118,0.00087,0.83836,0.78301,
739,15,1.26,OA98 (O11-M7+M14-N24+DUMMY STING) REQ018,0.0,-11.7,0.0,-10.0,55.0,10.27,42.135,1.23306,-0.00278,0.05547,0.00659,-0.00106,0.0003,0.87718,0.86838,
739,36,1.71,OA98 (O11-M7+M14-N24+DUMMY STING) REQ018,0.0,-11.7,0.0,-10.0,55.0,5.25,11.5,0.18092,-0.00325,0.05974,-0.00833,-0.00078,0.0003,0.16537,0.09461,
739,36,1.71,OA98 (O11-M7+M14-N24+DUMMY STING) REQ018,0.0,-11.7,0.0,-10.0,55.0,5.25,15.635,0.29347,-0.00285,0.05877,-0.00409,-0.00085,0.00037,0.26677,0.13569,
739,36,1.71,OA98 (O11-M7+M14-N24+DUMMY STING) REQ018,0.0,-11.7,0.0,-10.0,55.0,5.25,20.0,0.42606,-0.00342,0.05886,-0.0007,-0.00095,0.00019,0.38024,0.20103,
739,36,1.71,OA98 (O11-M7+M14-N24+DUMMY STING) REQ018,0.0,-11.7,0.0,-10.0,55.0,5.25,24.116,0.56532,-0.00427,0.05943,0.00149,-0.00101,5e-05,0.4917,0.28523,
739,36,1.71,OA98 (O11-M7+M14-N24+DUMMY STING) REQ018,0.0,-11.7,0.0,-10.0,55.0,5.25,28.388,0.72632,-0.00391,0.06055,0.00184,-0.00125,0.00016,0.61019,0.39859,
739,36,1.71,OA98 (O11-M7+M14-N24+DUMMY STING) REQ018,0.0,-11.7,0.0,-10.0,55.0,5.25,32.615,0.89569,-0.00406,0.05993,0.0003,-0.00164,7e-05,0.72215,0.53325,
739,36,1.71,OA98 (O11-M7+M14-N24+DUMMY STING) REQ018,0.0,-11.7,0.0,-10.0,55.0,5.25,36.859,1.07298,-0.00429,0.05771,-0.00361,-0.00184,2e-05,0.82388,0.68981,
739,36,1.71,OA98 (O11-M7+M14-N24+DUMMY STING) REQ018,0.0,-11.7,0.0,-10.0,55.0,5.25,41.053,1.25114,-0.00443,0.05392,-0.01051,-0.0019,-0.0001,0.90807,0.86235,
739,36,1.71,OA98 (O11-M7+M14-N24+DUMMY STING) REQ018,0.0,-11.7,0.0,-10.0,55.0,5.25,43.229,1.34549,-0.00444,0.05266,-0.01482,-0.00195,-0.00012,0.94428,0.95992,
741,16,1.64,OA98 (O11-M7+M14-N24+DUMMY STING) REQ019,0.0,-11.7,0.0,-40.0,55.0,10.27,11.892,0.12954,-0.00433,0.0579,0.00551,-0.00033,7e-05,0.11483,0.08335,
741,16,1.64,OA98 (O11-M7+M14-N24+DUMMY STING) REQ019,0.0,-11.7,0.0,-40.0,55.0,10.27,15.884,0.23171,-0.00307,0.05696,0.01324,-0.00054,0.0002,0.20728,0.1182,
741,16,1.64,OA98 (O11-M7+M14-N24+DUMMY STING) REQ019,0.0,-11.7,0.0,-40.0,55.0,10.27,19.844,0.34537,-0.003,0.05789,0.02025,-0.00072,0.00019,0.30521,0.1717,
741,16,1.64,OA98 (O11-M7+M14-N24+DUMMY STING) REQ019,0.0,-11.7,0.0,-40.0,55.0,10.27,24.137,0.48706,-0.00244,0.06017,0.02783,-0.00083,0.00038,0.41987,0.25407,
741,16,1.64,OA98 (O11-M7+M14-N24+DUMMY STING) REQ019,0.0,-11.7,0.0,-40.0,55.0,10.27,28.093,0.62501,-0.00186,0.06231,0.0335,-0.00091,0.00024,0.52204,0.34929,CY unsure
741,16,1.64,OA98 (O11-M7+M14-N24+DUMMY STING) REQ019,0.0,-11.7,0.0,-40.0,55.0,10.27,31.967,0.77378,-0.00197,0.06437,0.03969,-0.00117,3e-05,0.62235,0.46428,CD: scan prints .48428/.45428-like; the identity needs .46428
741,16,1.64,OA98 (O11-M7+M14-N24+DUMMY STING) REQ019,0.0,-11.7,0.0,-40.0,55.0,10.27,36.137,0.93879,-0.00237,0.06534,0.03984,-0.00129,-0.00015,0.71963,0.6064,ALPHA: printed 6 looks like 8; run steps 28/32/36/40 and the identities need 36.137; CL .71963 fits it
741,16,1.64,OA98 (O11-M7+M14-N24+DUMMY STING) REQ019,0.0,-11.7,0.0,-40.0,55.0,10.27,40.165,1.10074,-0.00241,0.06497,0.03948,-0.00133,-0.00044,0.79928,0.75961,
741,16,1.64,OA98 (O11-M7+M14-N24+DUMMY STING) REQ019,0.0,-11.7,0.0,-40.0,55.0,10.27,42.096,1.18554,-0.00314,0.06445,0.03976,-0.00142,-0.00021,0.83648,0.84258,
741,37,1.7,OA98 (O11-M7+M14-N24+DUMMY STING) REQ019,0.0,-11.7,0.0,-40.0,55.0,5.25,11.528,0.15706,-0.00293,0.07099,0.00613,-0.00057,0.00045,0.13971,0.10095,
741,37,1.7,OA98 (O11-M7+M14-N24+DUMMY STING) REQ019,0.0,-11.7,0.0,-40.0,55.0,5.25,15.633,0.26996,-0.00339,0.06698,0.00937,-0.00078,0.00059,0.24193,0.13725,
741,37,1.7,OA98 (O11-M7+M14-N24+DUMMY STING) REQ019,0.0,-11.7,0.0,-40.0,55.0,5.25,20.023,0.40327,-0.0035,0.06519,0.01414,-0.001,0.00041,0.35658,0.19933,
741,37,1.7,OA98 (O11-M7+M14-N24+DUMMY STING) REQ019,0.0,-11.7,0.0,-40.0,55.0,5.25,24.068,0.53804,-0.00364,0.06532,0.01836,-0.00118,0.0005,0.46463,0.27907,
741,37,1.7,OA98 (O11-M7+M14-N24+DUMMY STING) REQ019,0.0,-11.7,0.0,-40.0,55.0,5.25,28.369,0.69441,-0.00394,0.06718,0.02168,-0.00127,0.00046,0.57909,0.38906,
741,37,1.7,OA98 (O11-M7+M14-N24+DUMMY STING) REQ019,0.0,-11.7,0.0,-40.0,55.0,5.25,32.601,0.85661,-0.00432,0.06588,0.02608,-0.00162,0.00044,0.68615,0.51703,
741,37,1.7,OA98 (O11-M7+M14-N24+DUMMY STING) REQ019,0.0,-11.7,0.0,-40.0,55.0,5.25,36.84,1.02434,-0.00433,0.06442,0.02798,-0.00192,0.00045,0.78116,0.66573,
741,37,1.7,OA98 (O11-M7+M14-N24+DUMMY STING) REQ019,0.0,-11.7,0.0,-40.0,55.0,5.25,41.005,1.19498,-0.00454,0.06423,0.02694,-0.00214,0.00049,0.85965,0.83253,
741,37,1.7,OA98 (O11-M7+M14-N24+DUMMY STING) REQ019,0.0,-11.7,0.0,-40.0,55.0,5.25,43.15,1.28154,-0.00502,0.06215,0.02679,-0.00222,0.00034,0.89246,0.92181,
743,35,1.76,OA98 (O11-M7+M14-N24+DUMMY STING) REQ020,0.0,-11.7,0.0,0.0,85.0,5.25,11.554,0.19208,-0.00295,0.05925,-0.01725,-0.00065,0.00014,0.17632,0.09652,"CLM, CYN unsure"
743,35,1.76,OA98 (O11-M7+M14-N24+DUMMY STING) REQ020,0.0,-11.7,0.0,0.0,85.0,5.25,15.663,0.30738,-0.00297,0.05856,-0.01606,-0.00086,0.00015,0.28015,0.13937,CLM unsure
743,35,1.76,OA98 (O11-M7+M14-N24+DUMMY STING) REQ020,0.0,-11.7,0.0,0.0,85.0,5.25,20.046,0.44597,-0.00331,0.05883,-0.0158,-0.00093,0.0001,0.39879,0.20814,
743,35,1.76,OA98 (O11-M7+M14-N24+DUMMY STING) REQ020,0.0,-11.7,0.0,0.0,85.0,5.25,24.122,0.58803,-0.00321,0.05942,-0.01708,-0.00097,5e-05,0.5124,0.29455,
743,35,1.76,OA98 (O11-M7+M14-N24+DUMMY STING) REQ020,0.0,-11.7,0.0,0.0,85.0,5.25,28.403,0.75412,-0.00333,0.06026,-0.02129,-0.00109,2e-05,0.63467,0.41172,
743,35,1.76,OA98 (O11-M7+M14-N24+DUMMY STING) REQ020,0.0,-11.7,0.0,0.0,85.0,5.25,32.637,0.93326,-0.00312,0.06141,-0.02879,-0.00122,-4e-05,0.75278,0.55504,
743,35,1.76,OA98 (O11-M7+M14-N24+DUMMY STING) REQ020,0.0,-11.7,0.0,0.0,85.0,5.25,36.869,1.11614,-0.00403,0.061,-0.0375,-0.00158,-0.00014,0.85632,0.71847,
743,35,1.76,OA98 (O11-M7+M14-N24+DUMMY STING) REQ020,0.0,-11.7,0.0,0.0,85.0,5.25,41.12,1.3056,-0.00445,0.06,-0.0483,-0.00171,-0.00032,0.9441,0.90381,
743,35,1.76,OA98 (O11-M7+M14-N24+DUMMY STING) REQ020,0.0,-11.7,0.0,0.0,85.0,5.25,43.219,1.40047,-0.00459,0.0585,-0.05403,-0.00171,-0.0005,0.98052,1.00165,
744,18,1.42,OA98 (O11-M7+M14-N24+DUMMY STING) REQ021,0.0,16.3,0.0,0.0,55.0,10.27,11.842,0.15516,-0.00265,0.05452,-0.0152,-0.0003,0.0002,0.14067,0.0852,
744,18,1.42,OA98 (O11-M7+M14-N24+DUMMY STING) REQ021,0.0,16.3,0.0,0.0,55.0,10.27,15.859,0.26283,-0.003,0.05578,-0.01598,-0.00045,5e-05,0.23758,0.12548,
744,18,1.42,OA98 (O11-M7+M14-N24+DUMMY STING) REQ021,0.0,16.3,0.0,0.0,55.0,10.27,19.846,0.39144,-0.00276,0.05946,-0.02153,-0.00035,-2e-05,0.34801,0.18882,
744,18,1.42,OA98 (O11-M7+M14-N24+DUMMY STING) REQ021,0.0,16.3,0.0,0.0,55.0,10.27,24.111,0.54983,-0.00286,0.06407,-0.03257,-0.00062,5e-05,0.47569,0.28308,
744,18,1.42,OA98 (O11-M7+M14-N24+DUMMY STING) REQ021,0.0,16.3,0.0,0.0,55.0,10.27,28.109,0.71229,-0.00301,0.06861,-0.04485,-0.00065,-0.0005,0.59595,0.39612,
744,18,1.42,OA98 (O11-M7+M14-N24+DUMMY STING) REQ021,0.0,16.3,0.0,0.0,55.0,10.27,32.011,0.87812,-0.00271,0.07156,-0.0579,-0.0009,-0.00047,0.70666,0.52616,
744,18,1.42,OA98 (O11-M7+M14-N24+DUMMY STING) REQ021,0.0,16.3,0.0,0.0,55.0,10.27,36.099,1.05926,-0.00208,0.07459,-0.07738,-0.00102,0.0002,0.81193,0.68436,
744,18,1.42,OA98 (O11-M7+M14-N24+DUMMY STING) REQ021,0.0,16.3,0.0,0.0,55.0,10.27,40.194,1.24699,-0.00177,0.07586,-0.09029,-0.00114,0.00019,0.90356,0.86273,
744,18,1.42,OA98 (O11-M7+M14-N24+DUMMY STING) REQ021,0.0,16.3,0.0,0.0,55.0,10.27,42.157,1.32996,-0.00261,0.07642,-0.09603,-0.00118,-0.00104,0.93462,0.94927,
745,19,1.54,OA98 (O11-M7+M14-N24+DUMMY STING) REQ022,0.0,0.0,0.0,0.0,55.0,10.27,11.842,0.15015,-0.00325,0.05339,-0.00853,-0.00053,2e-05,0.136,0.08306,
745,19,1.54,OA98 (O11-M7+M14-N24+DUMMY STING) REQ022,0.0,0.0,0.0,0.0,55.0,10.27,15.873,0.25461,-0.00334,0.05355,-0.00494,-0.00051,-0.00021,0.23026,0.12115,
745,19,1.54,OA98 (O11-M7+M14-N24+DUMMY STING) REQ022,0.0,0.0,0.0,0.0,55.0,10.27,19.871,0.37718,-0.00273,0.05553,-0.00152,-0.0006,-0.0001,0.33585,0.18043,
745,19,1.54,OA98 (O11-M7+M14-N24+DUMMY STING) REQ022,0.0,0.0,0.0,0.0,55.0,10.27,24.14,0.52862,-0.00269,0.05758,-0.00333,-0.00078,-0.00012,0.45884,0.26873,
745,19,1.54,OA98 (O11-M7+M14-N24+DUMMY STING) REQ022,0.0,0.0,0.0,0.0,55.0,10.27,28.138,0.68352,-0.00261,0.05961,-0.0066,-0.00086,-0.00073,0.57463,0.37492,
745,19,1.54,OA98 (O11-M7+M14-N24+DUMMY STING) REQ022,0.0,0.0,0.0,0.0,55.0,10.27,32.028,0.84721,-0.0022,0.06081,-0.0147,-0.00095,-0.00031,0.68601,0.50086,
745,19,1.54,OA98 (O11-M7+M14-N24+DUMMY STING) REQ022,0.0,0.0,0.0,0.0,55.0,10.27,36.178,1.02739,-0.00326,0.06125,-0.02769,-0.00097,-0.00058,0.79315,0.6559,
745,19,1.54,OA98 (O11-M7+M14-N24+DUMMY STING) REQ022,0.0,0.0,0.0,0.0,55.0,10.27,40.207,1.20025,-0.00331,0.06073,-0.04023,-0.00113,-0.00052,0.87744,0.82121,
745,19,1.54,OA98 (O11-M7+M14-N24+DUMMY STING) REQ022,0.0,0.0,0.0,0.0,55.0,10.27,42.137,1.2867,-0.00243,0.05942,-0.04687,-0.0012,-0.0003,0.91428,0.90732,CBL unsure
746,33,1.5,OA98 (O11-M7+M14-N24+DUMMY STING) REQ023,5.0,-11.7,0.0,0.0,55.0,10.27,11.339,0.13521,-0.04549,0.05472,-0.00769,-0.01076,-0.00238,0.12181,0.08023,
746,33,1.5,OA98 (O11-M7+M14-N24+DUMMY STING) REQ023,5.0,-11.7,0.0,0.0,55.0,10.27,15.444,0.23993,-0.04374,0.05546,-0.00088,-0.01043,-0.00387,0.2165,0.11736,
746,33,1.5,OA98 (O11-M7+M14-N24+DUMMY STING) REQ023,5.0,-11.7,0.0,0.0,55.0,10.27,19.816,0.36939,-0.04306,0.05736,0.00298,-0.01045,-0.00538,0.32807,0.17918,
746,33,1.5,OA98 (O11-M7+M14-N24+DUMMY STING) REQ023,5.0,-11.7,0.0,0.0,55.0,10.27,23.731,0.50646,-0.04206,0.05928,0.00252,-0.01045,-0.00708,0.43978,0.25809,
746,33,1.5,OA98 (O11-M7+M14-N24+DUMMY STING) REQ023,5.0,-11.7,0.0,0.0,55.0,10.27,27.959,0.66486,-0.04087,0.06029,0.00089,-0.01022,-0.00847,0.559,0.36496,
746,33,1.5,OA98 (O11-M7+M14-N24+DUMMY STING) REQ023,5.0,-11.7,0.0,0.0,55.0,10.27,32.111,0.83968,-0.04165,0.06127,-0.0089,-0.00996,-0.01049,0.67865,0.49823,
746,33,1.5,OA98 (O11-M7+M14-N24+DUMMY STING) REQ023,5.0,-11.7,0.0,0.0,55.0,10.27,36.302,1.02583,-0.04024,0.06171,-0.01547,-0.01005,-0.01084,0.79018,0.65706,
746,33,1.5,OA98 (O11-M7+M14-N24+DUMMY STING) REQ023,5.0,-11.7,0.0,0.0,55.0,10.27,40.402,1.20927,-0.03753,0.0608,-0.02864,-0.01002,-0.01111,0.88148,0.83008,
746,33,1.5,OA98 (O11-M7+M14-N24+DUMMY STING) REQ023,5.0,-11.7,0.0,0.0,55.0,10.27,42.529,1.29199,-0.03636,0.05936,-0.0311,-0.00999,-0.012,0.91198,0.91708,
747,32,1.88,OA98 (O11-M7+M14-N24+DUMMY STING) REQ024,5.0,-11.7,0.0,-40.0,55.0,10.27,11.387,0.11337,-0.04456,0.05719,0.00497,-0.01012,-0.00131,0.09984,0.07845,
747,32,1.88,OA98 (O11-M7+M14-N24+DUMMY STING) REQ024,5.0,-11.7,0.0,-40.0,55.0,10.27,15.439,0.21176,-0.04307,0.05734,0.01367,-0.00993,-0.00299,0.18885,0.11165,
747,32,1.88,OA98 (O11-M7+M14-N24+DUMMY STING) REQ024,5.0,-11.7,0.0,-40.0,55.0,10.27,19.812,0.33462,-0.0414,0.0589,0.02247,-0.01009,-0.00405,0.29485,0.16883,
747,32,1.88,OA98 (O11-M7+M14-N24+DUMMY STING) REQ024,5.0,-11.7,0.0,-40.0,55.0,10.27,23.816,0.46134,-0.04014,0.0602,0.02908,-0.01027,-0.00535,0.39775,0.24138,
747,32,1.88,OA98 (O11-M7+M14-N24+DUMMY STING) REQ024,5.0,-11.7,0.0,-40.0,55.0,10.27,27.951,0.60594,-0.04008,0.06248,0.03665,-0.01043,-0.00648,0.50597,0.3392,
747,32,1.88,OA98 (O11-M7+M14-N24+DUMMY STING) REQ024,5.0,-11.7,0.0,-40.0,55.0,10.27,32.065,0.7615,-0.03846,0.06396,0.04158,-0.01037,-0.00758,0.61138,0.45846,CBL unsure
747,32,1.88,OA98 (O11-M7+M14-N24+DUMMY STING) REQ024,5.0,-11.7,0.0,-40.0,55.0,10.27,36.211,0.92376,-0.03741,0.06473,0.04373,-0.01015,-0.00776,0.70709,0.59795,
747,32,1.88,OA98 (O11-M7+M14-N24+DUMMY STING) REQ024,5.0,-11.7,0.0,-40.0,55.0,10.27,40.373,1.08421,-0.03736,0.06344,0.04288,-0.00987,-0.0089,0.78491,0.75064,
747,32,1.88,OA98 (O11-M7+M14-N24+DUMMY STING) REQ024,5.0,-11.7,0.0,-40.0,55.0,10.27,42.462,1.16497,-0.03623,0.06265,0.04046,-0.00966,-0.00879,0.81714,0.83268,
