row_type,t_EI_min,t_EI_mmss,event,alt_ft,V_rel_fps,Mach,qbar_psf,gamma_deg,alpha_deg,LD_plot,nz_g,nx_g,drag_accel_fps2,LD_from_nzx,CN,CA,CL,CD,bank_deg,elevator_deg,body_flap_deg,speedbrake_pct,mach_source,source,notes
plot_grid,0.50,00:30,,383598,24574,19.927,0.00,-1.22,39.51,0.25,0.000,0.000,0.00,,,,,,0.00,-1.02,2.00,0.00,Mach interp in TIME from Table 6.0-I(b) rows EI..04:57 (low confidence),"V p141 Fig6.2-26; alt p145 Fig6.2-30; qbar p149 Fig6.2-34; gamma p151 Fig6.2-36; alpha,L/D p148 Fig6.2-33; nz,nx p150 Fig6.2-35; bank p142 Fig6.2-27; surfaces p158 Fig6.2-43",LD: qbar~0; LD: qbar~0; L/D not meaningful
plot_grid,1.00,01:00,,369051,24582,21.373,0.00,-1.21,39.83,0.33,0.000,0.000,0.00,,,,,,0.00,-1.03,2.00,0.00,Mach interp in TIME from Table 6.0-I(b) rows EI..04:57 (low confidence),"V p141 Fig6.2-26; alt p145 Fig6.2-30; qbar p149 Fig6.2-34; gamma p151 Fig6.2-36; alpha,L/D p148 Fig6.2-33; nz,nx p150 Fig6.2-35; bank p142 Fig6.2-27; surfaces p158 Fig6.2-43",LD: qbar~0
plot_grid,2.00,02:00,,338562,24620,24.266,0.00,-1.19,40.03,0.55,,0.000,,,,,,,0.00,-1.03,2.00,0.00,Mach interp in TIME from Table 6.0-I(b) rows EI..04:57 (low confidence),"V p141 Fig6.2-26; alt p145 Fig6.2-30; qbar p149 Fig6.2-34; gamma p151 Fig6.2-36; alpha,L/D p148 Fig6.2-33; nz,nx p150 Fig6.2-35; bank p142 Fig6.2-27; surfaces p158 Fig6.2-43",LD: qbar~0
plot_grid,3.00,03:00,,311008,24645,27.100,,-1.14,40.49,0.84,0.013,0.000,0.27,,,,,,0.00,-1.04,2.00,0.00,Mach interp in TIME from Table 6.0-I(b) rows EI..04:57 (low confidence),"V p141 Fig6.2-26; alt p145 Fig6.2-30; qbar p149 Fig6.2-34; gamma p151 Fig6.2-36; alpha,L/D p148 Fig6.2-33; nz,nx p150 Fig6.2-35; bank p142 Fig6.2-27; surfaces p158 Fig6.2-43",alpha: oscillating
plot_grid,4.00,04:00,,283989,24635,26.892,3.73,-1.00,40.60,0.97,0.103,0.000,2.16,1.163,,,,,0.00,,10.60,0.00,Mach interp in TIME from Table 6.0-I(b) rows EI..04:57 (low confidence),"V p141 Fig6.2-26; alt p145 Fig6.2-30; qbar p149 Fig6.2-34; gamma p151 Fig6.2-36; alpha,L/D p148 Fig6.2-33; nz,nx p150 Fig6.2-35; bank p142 Fig6.2-27; surfaces p158 Fig6.2-43",alpha: oscillating
plot_grid,5.00,05:00,,265788,24473,26.157,10.34,-0.61,39.91,0.99,0.192,0.004,4.06,1.146,1.323,0.028,0.997,0.870,,,6.99,0.00,Mach interp in V from Table 6.0-I(b) event rows,"V p141 Fig6.2-26; alt p145 Fig6.2-30; qbar p149 Fig6.2-34; gamma p151 Fig6.2-36; alpha,L/D p148 Fig6.2-33; nz,nx p150 Fig6.2-35; bank p142 Fig6.2-27; surfaces p158 Fig6.2-43",alpha: oscillating; roll: mid first bank-up
plot_grid,6.00,06:00,,255627,24217,25.766,14.87,-0.28,39.80,1.01,0.259,0.017,5.76,1.051,1.243,0.082,0.903,0.859,73.22,,6.69,0.00,Mach interp in V from Table 6.0-I(b) event rows,"V p141 Fig6.2-26; alt p145 Fig6.2-30; qbar p149 Fig6.2-34; gamma p151 Fig6.2-36; alpha,L/D p148 Fig6.2-33; nz,nx p150 Fig6.2-35; bank p142 Fig6.2-27; surfaces p158 Fig6.2-43",alpha: oscillating; roll: mid first bank-up
plot_grid,7.00,07:00,,251664,23837,25.186,17.09,-0.19,39.98,1.03,0.292,0.019,6.52,1.045,1.221,0.080,0.884,0.846,77.85,-0.58,6.60,0.00,Mach interp in V from Table 6.0-I(b) event rows,"V p141 Fig6.2-26; alt p145 Fig6.2-30; qbar p149 Fig6.2-34; gamma p151 Fig6.2-36; alpha,L/D p148 Fig6.2-33; nz,nx p150 Fig6.2-35; bank p142 Fig6.2-27; surfaces p158 Fig6.2-43",
plot_grid,8.00,08:00,,248245,23414,24.540,19.38,-0.12,40.00,1.03,0.330,0.025,7.45,1.024,1.217,0.092,0.873,0.852,73.30,-0.73,6.60,0.00,Mach interp in V from Table 6.0-I(b) event rows,"V p141 Fig6.2-26; alt p145 Fig6.2-30; qbar p149 Fig6.2-34; gamma p151 Fig6.2-36; alpha,L/D p148 Fig6.2-33; nz,nx p150 Fig6.2-35; bank p142 Fig6.2-27; surfaces p158 Fig6.2-43",
plot_grid,9.00,09:00,,245033,22924,23.889,21.64,-0.10,39.80,1.05,0.371,0.024,8.25,1.053,1.225,0.079,0.890,0.845,68.35,,6.60,0.00,Mach interp in V from Table 6.0-I(b) event rows,"V p141 Fig6.2-26; alt p145 Fig6.2-30; qbar p149 Fig6.2-34; gamma p151 Fig6.2-36; alpha,L/D p148 Fig6.2-33; nz,nx p150 Fig6.2-35; bank p142 Fig6.2-27; surfaces p158 Fig6.2-43",
plot_grid,10.00,10:00,,241260,22426,23.249,24.33,-0.10,39.60,1.06,0.413,0.026,9.13,1.063,1.211,0.077,0.884,0.831,65.14,,6.60,0.00,Mach interp in V from Table 6.0-I(b) event rows,"V p141 Fig6.2-26; alt p145 Fig6.2-30; qbar p149 Fig6.2-34; gamma p151 Fig6.2-36; alpha,L/D p148 Fig6.2-33; nz,nx p150 Fig6.2-35; bank p142 Fig6.2-27; surfaces p158 Fig6.2-43",
plot_grid,11.00,11:00,,237229,21853,22.511,27.79,-0.10,39.60,1.05,0.463,0.029,10.22,1.064,1.188,0.075,0.868,0.815,62.47,0.00,6.60,0.00,Mach interp in V from Table 6.0-I(b) event rows,"V p141 Fig6.2-26; alt p145 Fig6.2-30; qbar p149 Fig6.2-34; gamma p151 Fig6.2-36; alpha,L/D p148 Fig6.2-33; nz,nx p150 Fig6.2-35; bank p142 Fig6.2-27; surfaces p158 Fig6.2-43",
plot_grid,12.00,12:00,,232430,21215,21.690,31.86,-0.10,39.45,1.06,0.537,0.033,11.80,1.072,1.202,0.075,0.880,0.821,60.11,,6.60,0.00,Mach interp in V from Table 6.0-I(b) event rows,"V p141 Fig6.2-26; alt p145 Fig6.2-30; qbar p149 Fig6.2-34; gamma p151 Fig6.2-36; alpha,L/D p148 Fig6.2-33; nz,nx p150 Fig6.2-35; bank p142 Fig6.2-27; surfaces p158 Fig6.2-43",
plot_grid,13.00,13:00,,226728,20443,20.696,37.70,-0.25,39.40,,0.627,0.040,13.80,1.072,1.187,0.075,0.870,0.812,62.26,0.09,6.60,0.00,Mach interp in V from Table 6.0-I(b) event rows,"V p141 Fig6.2-26; alt p145 Fig6.2-30; qbar p149 Fig6.2-34; gamma p151 Fig6.2-36; alpha,L/D p148 Fig6.2-33; nz,nx p150 Fig6.2-35; bank p142 Fig6.2-27; surfaces p158 Fig6.2-43",
plot_grid,14.00,14:00,,219117,19504,19.494,46.83,-0.39,39.48,1.06,0.798,0.048,17.52,1.074,1.215,0.074,0.891,0.829,62.59,-0.21,6.62,0.00,Mach interp in V from Table 6.0-I(b) event rows,"V p141 Fig6.2-26; alt p145 Fig6.2-30; qbar p149 Fig6.2-34; gamma p151 Fig6.2-36; alpha,L/D p148 Fig6.2-33; nz,nx p150 Fig6.2-35; bank p142 Fig6.2-27; surfaces p158 Fig6.2-43",
plot_grid,15.00,15:00,,211932,18273,18.003,55.18,-0.57,40.51,1.01,0.989,0.055,22.00,1.047,1.278,0.071,0.926,0.884,-78.00,,9.00,0.00,Mach interp in V from Table 6.0-I(b) event rows,"V p141 Fig6.2-26; alt p145 Fig6.2-30; qbar p149 Fig6.2-34; gamma p151 Fig6.2-36; alpha,L/D p148 Fig6.2-33; nz,nx p150 Fig6.2-35; bank p142 Fig6.2-27; surfaces p158 Fig6.2-43",alpha: pitch transient at 1st roll reversal
plot_grid,16.00,16:00,,200269,16836,16.338,72.80,-0.64,40.22,1.06,1.273,0.068,28.13,1.062,1.248,0.067,0.910,0.857,-61.18,-0.85,7.00,0.00,Mach interp in V from Table 6.0-I(b) event rows,"V p141 Fig6.2-26; alt p145 Fig6.2-30; qbar p149 Fig6.2-34; gamma p151 Fig6.2-36; alpha,L/D p148 Fig6.2-33; nz,nx p150 Fig6.2-35; bank p142 Fig6.2-27; surfaces p158 Fig6.2-43",alpha: pitch transient at 1st roll reversal
plot_grid,17.00,17:00,,188922,15090,14.352,88.45,-0.56,39.31,1.07,1.470,0.081,31.99,1.093,1.186,0.065,0.876,0.802,-62.61,-0.48,7.00,0.00,Mach interp in V from Table 6.0-I(b) event rows,"V p141 Fig6.2-26; alt p145 Fig6.2-30; qbar p149 Fig6.2-34; gamma p151 Fig6.2-36; alpha,L/D p148 Fig6.2-33; nz,nx p150 Fig6.2-35; bank p142 Fig6.2-27; surfaces p158 Fig6.2-43",
plot_grid,18.00,18:00,,180839,12972,12.103,90.85,-0.76,39.01,1.09,1.510,0.085,32.70,1.102,1.186,0.067,0.879,0.798,-60.58,-0.36,7.62,0.00,Mach interp in V from Table 6.0-I(b) event rows,"V p141 Fig6.2-26; alt p145 Fig6.2-30; qbar p149 Fig6.2-34; gamma p151 Fig6.2-36; alpha,L/D p148 Fig6.2-33; nz,nx p150 Fig6.2-35; bank p142 Fig6.2-27; surfaces p158 Fig6.2-43",
plot_grid,19.00,19:00,,169417,11116,10.342,100.23,-1.15,37.02,1.18,1.560,0.101,32.80,1.162,1.110,0.072,0.843,0.726,,0.38,7.80,0.00,Mach interp in V from Table 6.0-I(b) event rows,"V p141 Fig6.2-26; alt p145 Fig6.2-30; qbar p149 Fig6.2-34; gamma p151 Fig6.2-36; alpha,L/D p148 Fig6.2-33; nz,nx p150 Fig6.2-35; bank p142 Fig6.2-27; surfaces p158 Fig6.2-43",
plot_grid,20.00,20:00,,158229,9275,8.565,105.82,-1.52,33.76,1.29,1.514,0.111,30.04,1.282,1.021,0.075,0.807,0.629,,1.00,9.40,,Mach interp in V from Table 6.0-I(b) event rows,"V p141 Fig6.2-26; alt p145 Fig6.2-30; qbar p149 Fig6.2-34; gamma p151 Fig6.2-36; alpha,L/D p148 Fig6.2-33; nz,nx p150 Fig6.2-35; bank p142 Fig6.2-27; surfaces p158 Fig6.2-43",roll: mid roll reversal
plot_grid,21.00,21:00,,144255,7606,7.146,125.38,-1.91,29.40,1.44,1.470,0.128,26.80,1.463,0.837,0.073,0.693,0.474,51.01,2.06,9.40,100.00,Mach interp in V from Table 6.0-I(b) event rows,"V p141 Fig6.2-26; alt p145 Fig6.2-30; qbar p149 Fig6.2-34; gamma p151 Fig6.2-36; alpha,L/D p148 Fig6.2-33; nz,nx p150 Fig6.2-35; bank p142 Fig6.2-27; surfaces p158 Fig6.2-43",
plot_grid,22.00,22:00,,128675,6118,5.872,159.52,-2.14,24.47,1.63,1.470,0.172,24.62,1.655,0.657,0.077,0.567,0.342,47.30,3.08,8.59,100.14,Mach interp in V from Table 6.0-I(b) event rows,"V p141 Fig6.2-26; alt p145 Fig6.2-30; qbar p149 Fig6.2-34; gamma p151 Fig6.2-36; alpha,L/D p148 Fig6.2-33; nz,nx p150 Fig6.2-35; bank p142 Fig6.2-27; surfaces p158 Fig6.2-43",
plot_grid,23.00,23:00,,113587,4805,4.705,189.33,-1.79,21.69,1.76,1.421,0.219,23.45,1.700,0.535,0.083,0.467,0.275,,3.74,7.60,102.40,Mach interp in V from Table 6.0-I(b) event rows,"V p141 Fig6.2-26; alt p145 Fig6.2-30; qbar p149 Fig6.2-34; gamma p151 Fig6.2-36; alpha,L/D p148 Fig6.2-33; nz,nx p150 Fig6.2-35; bank p142 Fig6.2-27; surfaces p158 Fig6.2-43",gamma: transient dip +/-0.6
plot_grid,24.00,24:00,,99819,3653,3.632,195.87,-3.97,17.85,1.80,1.321,0.261,21.01,1.803,0.481,0.095,0.429,0.238,,4.27,,,Mach interp in V from Table 6.0-I(b) event rows,"V p141 Fig6.2-26; alt p145 Fig6.2-30; qbar p149 Fig6.2-34; gamma p151 Fig6.2-36; alpha,L/D p148 Fig6.2-33; nz,nx p150 Fig6.2-35; bank p142 Fig6.2-27; surfaces p158 Fig6.2-43",alt: cluttered by annotation arrows; bf_E: steep step; sb_E: ramping 100->65%
plot_grid,25.00,25:00,,85005,2537,2.589,193.08,-4.93,13.99,1.79,1.151,0.310,18.62,1.800,0.425,0.114,0.385,0.214,,1.22,-0.93,69.31,Mach interp in V from Table 6.0-I(b) event rows,"V p141 Fig6.2-26; alt p145 Fig6.2-30; qbar p149 Fig6.2-34; gamma p151 Fig6.2-36; alpha,L/D p148 Fig6.2-33; nz,nx p150 Fig6.2-35; bank p142 Fig6.2-27; surfaces p158 Fig6.2-43","alt: cluttered by annotation arrows; elev: steep; gamma: transient; nz: steep drop, +/-0.15; roll: mid roll reversal"
plot_grid,26.00,26:00,,70707,1697,1.759,185.28,-9.88,9.34,1.62,0.930,0.375,16.77,1.645,0.358,0.144,0.330,0.201,8.25,-2.21,1.40,65.74,Mach interp in V from Fig 6.3-16 (p181) V/Mach pairs,"V p141 Fig6.2-26; alt p145 Fig6.2-30; qbar p149 Fig6.2-34; gamma p151 Fig6.2-36; alpha,L/D p148 Fig6.2-33; nz,nx p150 Fig6.2-35; bank p142 Fig6.2-27; surfaces p158 Fig6.2-43",gamma: transient
plot_grid,27.00,27:00,,53329,1084,1.135,167.07,-14.66,7.54,1.76,0.960,0.432,17.84,1.614,0.410,0.185,0.382,0.237,-1.09,1.09,1.99,68.03,Mach interp in V from Fig 6.3-16 (p181) V/Mach pairs,"V p141 Fig6.2-26; alt p145 Fig6.2-30; qbar p149 Fig6.2-34; gamma p151 Fig6.2-36; alpha,L/D p148 Fig6.2-33; nz,nx p150 Fig6.2-35; bank p142 Fig6.2-27; surfaces p158 Fig6.2-43",elev: steep
plot_grid,28.00,28:00,,39397,758,0.785,184.27,-17.24,7.31,3.15,,0.240,,,,,,,-12.81,4.25,7.60,68.80,Mach interp in V from Fig 6.3-16 (p181) V/Mach pairs,"V p141 Fig6.2-26; alt p145 Fig6.2-30; qbar p149 Fig6.2-34; gamma p151 Fig6.2-36; alpha,L/D p148 Fig6.2-33; nz,nx p150 Fig6.2-35; bank p142 Fig6.2-27; surfaces p158 Fig6.2-43","LD: steep peak, +/-0.3; roll: mid reversal"
plot_grid,29.00,29:00,,28600,632,0.611,221.71,-17.89,6.99,3.20,1.140,0.193,10.62,3.357,0.367,0.062,0.357,0.106,,4.61,3.80,41.60,Mach interp in V from Fig 6.3-16 (p181) V/Mach pairs,"V p141 Fig6.2-26; alt p145 Fig6.2-30; qbar p149 Fig6.2-34; gamma p151 Fig6.2-36; alpha,L/D p148 Fig6.2-33; nz,nx p150 Fig6.2-35; bank p142 Fig6.2-27; surfaces p158 Fig6.2-43",
plot_grid,30.00,30:00,,,557,0.515,257.86,-19.81,5.05,2.58,,0.283,,,,,,,,5.78,1.77,,Mach interp in V from Fig 6.3-16 (p181) V/Mach pairs,"V p141 Fig6.2-26; alt p145 Fig6.2-30; qbar p149 Fig6.2-34; gamma p151 Fig6.2-36; alpha,L/D p148 Fig6.2-33; nz,nx p150 Fig6.2-35; bank p142 Fig6.2-27; surfaces p158 Fig6.2-43",
plot_grid,31.00,31:00,,,,,270.93,,,3.29,,0.239,,,,,,,,4.13,0.45,58.40,,"V p141 Fig6.2-26; alt p145 Fig6.2-30; qbar p149 Fig6.2-34; gamma p151 Fig6.2-36; alpha,L/D p148 Fig6.2-33; nz,nx p150 Fig6.2-35; bank p142 Fig6.2-27; surfaces p158 Fig6.2-43",LD: spike near touchdown
table_event,-4.967,-04:58.04,Initiate entry guidance (MM304),554062?,24309?,10.68,0.09?,-1.250,41.03?,,,,,,,,,,,,,,,"Table 6.0-I(b), PDF p63",'?' = digit(s) illegible in scan; values transcribed as printed
table_event,-1.688,-01:41.28,C-band LOS (Guam?),452055?,24517?,13.93?,0.00?,-1.276,40.67,,,,,,,,,,,,,,,"Table 6.0-I(b), PDF p63",'?' = digit(s) illegible in scan; values transcribed as printed
table_event,0.000,00:00.00,Entry interface,398965,24562?,18.48?,0.01?,-1.263,39.54?,,,,,,,,,,,,,,,"Table 6.0-I(b), PDF p63",'?' = digit(s) illegible in scan; values transcribed as printed
table_event,2.599,02:35.96,Activate elevon trim,323146,24670?,26.00?,0.81?,-1.191,39.76?,,,,,,,,,,,,,,,"Table 6.0-I(b), PDF p63",'?' = digit(s) illegible in scan; values transcribed as printed
table_event,2.696,02:41.78,Enter comm blackout,319862?,24672?,27.04?,0.58?,-1.187,39.84?,,,,,,,,,,,,,,,"Table 6.0-I(b), PDF p63",'?' = digit(s) illegible in scan; values transcribed as printed
table_event,3.504,03:30.24,Aerosurface control activated,297448?,24677?,27.20?,2.01,-1.118,39.89?,,,,,,,,,,,,,,,"Table 6.0-I(b), PDF p63",'?' = digit(s) illegible in scan; values transcribed as printed
table_event,4.952,04:57.12,Deactivate RCS roll thrusters,265082?,24531?,26.30,10.02,-0.995?,39.96?,,,,,,,,,,,,,,,"Table 6.0-I(b), PDF p63",'?' = digit(s) illegible in scan; values transcribed as printed
table_event,5.000,05:00.00,Initiate temperature control phase,264352?,24521?,26.27,10.34,-0.939?,40.33?,,,,,,,,,,,,,,,"Table 6.0-I(b), PDF p63",'?' = digit(s) illegible in scan; values transcribed as printed
table_event,5.997,05:?9.80,First non-zero roll command,262157?,24481?,26.17,11.84?,-0.909?,40.13?,,,,,,,,,,,,,,,"Table 6.0-I(b), PDF p63",'?' = digit(s) illegible in scan; values transcribed as printed
table_event,8.200,08:12.00,Deactivate RCS pitch thrusters,247826,23336,24.42,20.00,-0.192,40.13,,,,,,,,,,,,,,,"Table 6.0-I(b), PDF p63",
table_event,11.464,11:27.84,Initiate drag updating in nav,23?105,21?70,22.12,29.97?,-0.222,39.82?,,,,,,,,,,,,,,,"Table 6.0-I(b), PDF p63",'?' = digit(s) illegible in scan; values transcribed as printed
table_event,13.440,13:26.40,Initiate equilibrium glide phase,222555?,19910?,20.01,42.04?,-0.334?,39.38?,,,,,,,,,,,,,,,"Table 6.0-I(b), PDF p63",'?' = digit(s) illegible in scan; values transcribed as printed
table_event,14.397,14:23.80,First roll reversal,214087?,18909?,18.74,5?.48,-0.440,39.37?,,,,,,,,,,,,,,,"Table 6.0-I(b), PDF p63",'?' = digit(s) illegible in scan; values transcribed as printed
table_event,16.726,16:43.56,Initiate constant drag phase,192702?,15526,14.82?,86.17?,-0.672?,39.93?,,,,,,,,,,,,,,,"Table 6.0-I(b), PDF p63",'?' = digit(s) illegible in scan; values transcribed as printed
table_event,17.304,17:18.24,Initiate angle-of-attack transition,188433?,14494,13.71,91.35?,-0.456,39.00?,,,,,,,,,,,,,,,"Table 6.0-I(b), PDF p63",'?' = digit(s) illegible in scan; values transcribed as printed
table_event,17.704,17:42.24,Pt Pillar C-band AOS,183934?,13716,12.81?,90.58?,-0.491,38.9?,,,,,,,,,,,,,,,"Table 6.0-I(b), PDF p63",'?' = digit(s) illegible in scan; values transcribed as printed
table_event,18.559,18:33.5?,Exit S-band blackout,177364,12380?,11.94?,93.53?,-0.949?,38.66?,,,,,,,,,,,,,,,"Table 6.0-I(b), PDF p63",'?' = digit(s) illegible in scan; values transcribed as printed
table_event,18.656,18:39.38?,Vandenberg C-band AOS,176187,12192,11.?9,94.42?,-0.911,38.42?,,,,,,,,,,,,,,,"Table 6.0-I(b), PDF p63",'?' = digit(s) illegible in scan; values transcribed as printed
table_event,18.952,18:57.12,Exit L-band blackout,1722?9,11264,10.48?,100.33?,-1.128,37.43,,,,,,,,,,,,,,,"Table 6.0-I(b), PDF p63",'?' = digit(s) illegible in scan; values transcribed as printed
table_event,19.400,19:24.00,Initiate transition phase,164115?,10407,9.68?,107.75?,-1.207,35.90?,,,,,,,,,,,,,,,"Table 6.0-I(b), PDF p63",'?' = digit(s) illegible in scan; values transcribed as printed
table_event,19.616,19:36.96,Initiate speedbrake deployment to 100%,161020?,9967?,9.27?,111.92?,-1.198?,34.82,,,,,,,,,,,,,,,"Table 6.0-I(b), PDF p63",'?' = digit(s) illegible in scan; values transcribed as printed
table_event,19.768,19:46.06?,Exit UHF blackout,158731,9705?,8.97?,111.22,-0.824?,33.81?,,,,,,,,,,,,,,,"Table 6.0-I(b), PDF p63",'?' = digit(s) illegible in scan; values transcribed as printed
table_event,19.800,19:48.00,Buckhorn S-band AOS,158077?,9617?,8.81?,110.51?,-0.422?,33.83?,,,,,,,,,,,,,,,"Table 6.0-I(b), PDF p63",'?' = digit(s) illegible in scan; values transcribed as printed
table_event,20.048,20:02.88?,Earliest BCE state update opportunity,156301?,9212?,8.52?,109.90,-0.813,32.78,,,,,,,,,,,,,,,"Table 6.0-I(b), PDF p63",'?' = digit(s) illegible in scan; values transcribed as printed
table_event,20.680,20:40.80,Initiate TACAN acquisition,149345?,8147?,7.?6,117.67,-1.727,31.30?,,,,,,,,,,,,,,,"Table 6.0-I(b), PDF p63",'?' = digit(s) illegible in scan; values transcribed as printed
table_event,22.440,22:26.40,Ammonia boiler activated / Goldstone LOS,121920?,5543?,5.38,173.63,-2.987?,23.70,,,,,,,,,,,,,,,"Table 6.0-I(b), PDF p63",'?' = digit(s) illegible in scan; values transcribed as printed
table_event,22.704,22:42.24,Initiate TACAN navigation,117020?,5216?,5.07,186.90?,-2.744?,21.84?,,,,,,,,,,,,,,,"Table 6.0-I(b), PDF p63",'?' = digit(s) illegible in scan; values transcribed as printed
table_event,22.717,22:43.00?,AVE TACAN elevation > 45 deg,117446?,5184?,5.05?,188.79?,-2.758?,21.61?,,,,,,,,,,,,,,,"Table 6.0-I(b), PDF p63",'?' = digit(s) illegible in scan; values transcribed as printed
table_event,23.104,23:06.24,PLM TACAN selected,112230?,4690?,4.6?,188.53?,-1.875,20.31,,,,,,,,,,,,,,,"Table 6.0-I(b), PDF p63",'?' = digit(s) illegible in scan; values transcribed as printed
table_event,23.434,23:26.04,BFL TACAN selected,107382?,4118?,4.06?,1?5.19,-3.299?,19.85?,,,,,,,,,,,,,,,"Table 6.0-I(b), PDF p63",'?' = digit(s) illegible in scan; values transcribed as printed
table_event,23.688,23:41.28,Initiate speedbrake retraction to 65%,10?300,3987?,3.95?,,-3.589?,18.90?,,,,,,,,,,,,,,,"Table 6.0-I(b), PDF p63",'?' = digit(s) illegible in scan; values transcribed as printed
table_event,23.736,23:44.16,Pt Pillar C-band LOS,103063?,3941,3.90,189.81?,-3.035?,18.79,,,,,,,,,,,,,,,"Table 6.0-I(b), PDF p63",'?' = digit(s) illegible in scan; values transcribed as printed
table_event,23.864,23:51.84,Initiate air data probe deployment,102096?,3794,3.77,192.41?,-3.818?,18.36,,,,,,,,,,,,,,,"Table 6.0-I(b), PDF p63",'?' = digit(s) illegible in scan; values transcribed as printed
table_event,24.016,24:00.96,GBN TACAN selected,100739?,3631?,3.61?,196.75?,-4.067,17.88?,,,,,,,,,,,,,,,"Table 6.0-I(b), PDF p63",'?' = digit(s) illegible in scan; values transcribed as printed
table_event,24.051,24:03.0?,Crew ejection capability,99944?,3567?,3.56?,19?.74,-4.193,17.71,,,,,,,,,,,,,,,"Table 6.0-I(b), PDF p63",'?' = digit(s) illegible in scan; values transcribed as printed
table_event,24.128,24:07.68,Initiate rudder trim,98944?,3498?,3.49,198.02?,-4.317,17.63,,,,,,,,,,,,,,,"Table 6.0-I(b), PDF p63",'?' = digit(s) illegible in scan; values transcribed as printed
table_event,24.834,24:50.04?,NBL? TACAN selected,8?306,2?70,2.63,212.03?,-4.218?,14.22?,,,,,,,,,,,,,,,"Table 6.0-I(b), PDF p63",'?' = digit(s) illegible in scan; values transcribed as printed
table_event,25.055,25:03.3,Entry/TAEM interface (Table 6.3-I),84393.4?,2494.9,2.55,208.7,-4.4470,14.26,,,,,,,,,,,,,,,"Table 6.3-I, PDF p83 (text layer)",weight 191901.6 lb; range to threshold 60.1 nmi; alt digits partly garbled in text layer
table_event,30.216,30:12.96,TAEM/A&L interface (Table 6.4-I),11928.0,573.6,,,-19.9809,,,,,,,,,,,,,,,,"Table 6.4-I, PDF p84 (text layer)",alt above runway 9824.6 ft; downrange to threshold 33371.7 ft
table_event,31.491,31:29.44,Main gear touchdown (Table 6.0-I(e)),,,,,,,,,,,,,,,,,,,,,"Table 6.0-I(e), PDF p64",
fig6.3-16_V_Mach,,,,,2288,2.350,,,,,,,,,,,,,,,,,,"Fig 6.3-16, PDF p181",range to runway 34.0e4 ft; no time axis (time-to-touchdown scale unreadable)
fig6.3-16_V_Mach,,,,,2144,2.210,,,,,,,,,,,,,,,,,,"Fig 6.3-16, PDF p181",range to runway 32.0e4 ft; no time axis (time-to-touchdown scale unreadable)
fig6.3-16_V_Mach,,,,,1896,1.960,,,,,,,,,,,,,,,,,,"Fig 6.3-16, PDF p181",range to runway 28.0e4 ft; no time axis (time-to-touchdown scale unreadable)
fig6.3-16_V_Mach,,,,,1768,1.830,,,,,,,,,,,,,,,,,,"Fig 6.3-16, PDF p181",range to runway 26.0e4 ft; no time axis (time-to-touchdown scale unreadable)
fig6.3-16_V_Mach,,,,,1488,1.550,,,,,,,,,,,,,,,,,,"Fig 6.3-16, PDF p181",range to runway 22.0e4 ft; no time axis (time-to-touchdown scale unreadable)
fig6.3-16_V_Mach,,,,,1320,1.380,,,,,,,,,,,,,,,,,,"Fig 6.3-16, PDF p181",range to runway 20.0e4 ft; no time axis (time-to-touchdown scale unreadable)
fig6.3-16_V_Mach,,,,,1192,1.240,,,,,,,,,,,,,,,,,,"Fig 6.3-16, PDF p181",range to runway 18.5e4 ft; no time axis (time-to-touchdown scale unreadable)
fig6.3-16_V_Mach,,,,,1048,1.100,,,,,,,,,,,,,,,,,,"Fig 6.3-16, PDF p181",range to runway 17.0e4 ft; no time axis (time-to-touchdown scale unreadable)
fig6.3-16_V_Mach,,,,,888,0.934,,,,,,,,,,,,,,,,,,"Fig 6.3-16, PDF p181",range to runway 15.0e4 ft; no time axis (time-to-touchdown scale unreadable)
fig6.3-16_V_Mach,,,,,840,0.874,,,,,,,,,,,,,,,,,,"Fig 6.3-16, PDF p181",range to runway 14.0e4 ft; no time axis (time-to-touchdown scale unreadable)
fig6.3-16_V_Mach,,,,,726,0.750,,,,,,,,,,,,,,,,,,"Fig 6.3-16, PDF p181",range to runway 11.0e4 ft; no time axis (time-to-touchdown scale unreadable)
fig6.3-16_V_Mach,,,,,692,0.705,,,,,,,,,,,,,,,,,,"Fig 6.3-16, PDF p181",range to runway 10.0e4 ft; no time axis (time-to-touchdown scale unreadable)
fig6.3-16_V_Mach,,,,,676,0.678,,,,,,,,,,,,,,,,,,"Fig 6.3-16, PDF p181",range to runway 9.0e4 ft; no time axis (time-to-touchdown scale unreadable)
fig6.3-16_V_Mach,,,,,665,0.659,,,,,,,,,,,,,,,,,,"Fig 6.3-16, PDF p181",range to runway 8.0e4 ft; no time axis (time-to-touchdown scale unreadable)
fig6.3-16_V_Mach,,,,,651,0.636,,,,,,,,,,,,,,,,,,"Fig 6.3-16, PDF p181",range to runway 7.0e4 ft; no time axis (time-to-touchdown scale unreadable)
fig6.3-16_V_Mach,,,,,643,0.626,,,,,,,,,,,,,,,,,,"Fig 6.3-16, PDF p181",range to runway 6.5e4 ft; no time axis (time-to-touchdown scale unreadable)
fig6.3-16_V_Mach,,,,,607,0.575,,,,,,,,,,,,,,,,,,"Fig 6.3-16, PDF p181",range to runway 5.0e4 ft; no time axis (time-to-touchdown scale unreadable)
fig6.3-16_V_Mach,,,,,582,0.544,,,,,,,,,,,,,,,,,,"Fig 6.3-16, PDF p181",range to runway 4.0e4 ft; no time axis (time-to-touchdown scale unreadable)
fig6.3-16_V_Mach,,,,,560,0.518,,,,,,,,,,,,,,,,,,"Fig 6.3-16, PDF p181",range to runway 3.0e4 ft; no time axis (time-to-touchdown scale unreadable)
fig6.3-16_V_Mach,,,,,525,0.480,,,,,,,,,,,,,,,,,,"Fig 6.3-16, PDF p181",range to runway 2.0e4 ft; no time axis (time-to-touchdown scale unreadable)
fig6.3-16_V_Mach,,,,,506,0.460,,,,,,,,,,,,,,,,,,"Fig 6.3-16, PDF p181",range to runway 1.0e4 ft; no time axis (time-to-touchdown scale unreadable)
