# NASA TP-1011 (Stone & Powell 1977) Figure 4, nominal lateral-directional stability and control derivatives at TRIM alpha, June 1974 data set.
# Digitized from 200-dpi scans by automated curve tracing (see derivs-notes.md). Body axis system. All derivatives PER DEGREE.
# Cl = rolling moment/(q S b), Cn = yawing moment/(q S b), Cy = side force/(q S); S=249.91 m2 (2690 ft2), b=23.79 m (78.06 ft), cbar=12.06 m (39.57 ft).
# delta_a = (left elevon - right elevon)/2, deg.  Mach axis on the figures is logarithmic.
# alpha_trim_deg: read off the secondary alpha axis drawn under each plot (ticks only at 10,20,30,34.3), mean of figs 4a,4b,4d, interpolated linearly in log10(M) between ticks -- APPROXIMATE; blank outside 10..34.3.
# alpha_fig3_deg: independent estimate from Figure 3 (PDF p29-30): alpha(t) and Mach(t) (Mach from the right-hand Mach scale of the velocity plot) digitized at 25-s steps, alpha interpolated in log10(M). Agrees with alpha_trim_deg to ~1 deg.
# Blank = curve has no data at that Mach. Rudder derivatives (fig 4c) only defined M<=~4.05 (alpha<=18).
# Sources: Cl_beta=PDF p31 fig4a; Cn_beta=PDF p31 fig4a; Cl_da=PDF p32 fig4b; Cn_da=PDF p32 fig4b; Cl_dr=PDF p33 fig4c; Cn_dr=PDF p33 fig4c; Cy_dr=PDF p33 fig4c; Cy_beta=PDF p34 fig4d; Cy_da=PDF p34 fig4d
# Cy_da at M=3.0, 4.0, 4.46 are line-edge readings of local extrema (peak/trough/spike), not trace centres.
Mach,alpha_trim_deg,alpha_fig3_deg,Cl_beta,Cn_beta,Cl_da,Cn_da,Cl_dr,Cn_dr,Cy_dr,Cy_beta,Cy_da
1.2,,,,,,0.000621,0.000615,,0.002113,-0.020160,
1.3,,,-0.001704,,,0.000468,0.000587,-0.000999,0.001965,-0.019584,
1.4,,,-0.001546,,0.001650,0.000284,0.000557,-0.000934,0.001828,-0.018920,
1.5,,,-0.001359,0.000037,0.001400,0.000166,0.000526,-0.000891,0.001728,-0.018320,-0.000459
1.6,10.4,10.7,-0.001291,-0.000137,0.001262,0.000152,0.000500,-0.000868,0.001639,-0.017760,-0.000408
1.7,10.9,10.9,-0.001250,-0.000310,0.001175,0.000136,0.000474,-0.000838,0.001548,-0.017176,-0.000349
1.8,11.4,11.2,-0.001210,-0.000462,0.001105,0.000119,0.000448,-0.000811,0.001450,-0.016688,-0.000280
1.9,11.9,11.4,-0.001170,-0.000610,0.001050,0.000099,0.000425,-0.000785,0.001363,-0.016120,-0.000211
2,12.4,11.6,-0.001121,-0.000714,0.000991,0.000079,0.000402,-0.000761,0.001287,-0.015659,-0.000164
2.05,12.6,11.8,-0.001109,-0.000754,0.000967,0.000069,0.000389,-0.000751,0.001257,-0.015525,-0.000146
2.25,13.4,12.5,-0.001141,-0.000924,0.000876,0.000039,0.000365,-0.000713,0.001153,-0.015002,-0.000075
2.5,14.4,13.3,-0.001192,-0.001102,0.000796,0.000007,0.000337,-0.000670,0.001028,-0.014281,0.000038
2.75,15.2,14.0,-0.001250,-0.001347,0.000741,-0.000027,0.000310,-0.000623,0.000902,-0.013632,0.000161
3,16.0,14.8,-0.001296,-0.001581,0.000702,-0.000051,0.000286,-0.000574,0.000782,-0.012927,0.000259
3.2,16.6,15.5,-0.001337,-0.001620,0.000682,-0.000055,0.000268,-0.000542,0.000714,-0.012491,0.000187
3.42,17.2,16.3,-0.001373,-0.001604,0.000673,-0.000059,0.000254,-0.000498,0.000637,-0.012016,0.000083
3.5,17.4,16.6,-0.001386,-0.001599,0.000673,-0.000062,0.000249,-0.000483,0.000601,-0.011865,0.000045
3.75,18.0,17.4,-0.001414,-0.001577,0.000676,-0.000068,0.000227,-0.000436,0.000510,-0.011311,-0.000080
4,18.6,18.2,-0.001441,-0.001546,0.000688,-0.000094,0.000209,-0.000393,0.000411,-0.010931,-0.000194
4.25,19.2,19.1,-0.001468,-0.001502,0.000710,-0.000151,,,,-0.010455,0.000208
4.46,19.6,19.8,-0.001495,-0.001456,0.000735,-0.000183,,,,-0.010139,0.000549
4.75,20.3,20.7,-0.001525,-0.001370,0.000764,-0.000179,,,,-0.009869,0.000328
5,21.0,21.4,-0.001553,-0.001293,0.000796,-0.000189,,,,-0.009655,0.000225
5.07,21.2,21.6,-0.001562,-0.001288,0.000802,-0.000194,,,,-0.009600,0.000217
5.5,22.4,22.6,-0.001597,-0.001324,0.000853,-0.000223,,,,-0.009196,0.000216
6,23.6,23.9,-0.001620,-0.001356,0.000914,-0.000258,,,,-0.008966,0.000218
6.5,24.7,25.1,-0.001662,-0.001368,0.000962,-0.000297,,,,-0.008665,0.000220
7,25.8,26.2,-0.001688,-0.001364,0.001009,-0.000331,,,,-0.008388,0.000220
8,27.7,28.1,-0.001741,-0.001346,0.001097,-0.000371,,,,-0.008087,0.000228
9,29.3,29.6,-0.001820,-0.001323,0.001158,-0.000371,,,,-0.007830,0.000232
10,30.9,31.2,-0.001910,-0.001322,0.001190,-0.000367,,,,-0.007536,0.000244
11,32.4,32.5,-0.001987,-0.001332,0.001211,-0.000359,,,,-0.007606,0.000255
12,33.8,33.6,-0.002061,-0.001334,0.001229,-0.000350,,,,-0.007760,0.000261
12.4,,33.9,-0.002094,-0.001336,0.001233,,,,,-0.007791,0.000261
