# NASA TP-1634 (Freeman 1980): dynamic stability derivatives of Orbiter 101, wind tunnel vs ALT flights 4-5 (tail cone off) vs Aerodynamic Design Data Book (Ref.9 = NASA CR-160386, 1978).
# Figures 4-8, PDF pages 15-19. All values PER RADIAN, BODY AXES, moment reference 0.652 L (x = 21.30 m aft of nose; L = 32.77 m). S = 250 m2, cbar = 12.06 m, b = 23.79 m.
# Pitch derivatives non-dimensionalised with q*cbar/(2V); roll/yaw with p*b/(2V), r*b/(2V). delta_BF = 0 throughout.
# Flight: trimmed elevon (<4 deg), speedbrake 3.8 or 43 deg as per legend; Mach 0.41-0.56. Wind tunnel: Mach 0.30, delta_e 0, delta_SB 10, 0.0165-scale model 089B (forced oscillation, Langley 8-ft TPT), Re 3.2e6 by body length.
# Ref.9 lines: delta_e 0, delta_SB 10 per legend arrows.
# Flight-extracted combinations (cos/sin alpha terms assumed 1/0 in Ref.1): (Cnr - Cnbetadot), (Clr - Clbetadot), Clp, Cnp. Wind tunnel: the alpha-weighted forms given in the parameter column.
# band_upper/band_lower = ends of the 'accuracy band established in Ref.1' error bar on flight points. Blank = not applicable or not separable.
# Digitized: symbol centres located automatically (filled: erosion+centroid; open circles: ring template match) on 200-dpi scans, axes calibrated per figure from tick marks with scan-skew correction; Ref.9 lines read by column scans. Typical uncertainty +-0.01 (figs 5-8) / +-0.05 (fig 4) in value, +-0.1 deg in alpha; notes flag worse cases.
# Wind-tunnel points at the same alpha are repeat runs (paper plots pairs); both are listed.
figure,pdf_page,parameter,source,Mach,delta_e_deg,delta_SB_deg,alpha_deg,value_per_rad,band_upper,band_lower,note
4,15,Cmq+Cmalphadot,flight,0.51,trim,43,2.24,-2.39,-1.71,-3.04,filled circle
4,15,Cmq+Cmalphadot,flight,0.52,trim,3.8,4.11,-1.56,-1.03,-2.03,filled square
4,15,Cmq+Cmalphadot,flight,0.53,trim,3.8,5.92,-1.28,-1.02,-1.55,filled diamond
4,15,Cmq+Cmalphadot,flight,0.41,trim,3.8,10.14,-1.32,-0.85,-1.74,filled triangle
4,15,Cmq+Cmalphadot,wind tunnel,0.30,0,10,0.0,-2.12,,,open circle
4,15,Cmq+Cmalphadot,wind tunnel,0.30,0,10,0.0,-2.28,,,open circle (overlapping pair)
4,15,Cmq+Cmalphadot,wind tunnel,0.30,0,10,2.0,-2.10,,,
4,15,Cmq+Cmalphadot,wind tunnel,0.30,0,10,3.85,-2.11,,,
4,15,Cmq+Cmalphadot,wind tunnel,0.30,0,10,3.85,-2.33,,,
4,15,Cmq+Cmalphadot,wind tunnel,0.30,0,10,5.93,-1.92,,,
4,15,Cmq+Cmalphadot,wind tunnel,0.30,0,10,5.93,-2.25,,,
4,15,Cmq+Cmalphadot,wind tunnel,0.30,0,10,7.97,-1.93,,,
4,15,Cmq+Cmalphadot,wind tunnel,0.30,0,10,7.98,-2.21,,,
4,15,Cmq+Cmalphadot,wind tunnel,0.30,0,10,10.07,-1.85,,,
4,15,Cmq+Cmalphadot,wind tunnel,0.30,0,10,12.0,-0.27,,,overlapping pair; +-0.05
4,15,Cmq+Cmalphadot,wind tunnel,0.30,0,10,12.0,-0.36,,,
4,15,Cmq+Cmalphadot,wind tunnel,0.30,0,10,13.9,-0.98,,,overlapping pair; +-0.05
4,15,Cmq+Cmalphadot,wind tunnel,0.30,0,10,13.92,-1.13,,,
4,15,Cmq+Cmalphadot,wind tunnel,0.30,0,10,16.01,-0.11,,,
4,15,Cmq+Cmalphadot,wind tunnel,0.30,0,10,16.04,-0.39,,,
4,15,Cmq+Cmalphadot,wind tunnel,0.30,0,10,17.90,-0.70,,,
4,15,Cmq+Cmalphadot,wind tunnel,0.30,0,10,17.93,-0.86,,,
4,15,Cmq+Cmalphadot,Ref.9 data book,0.4,0,10,0,-2.72,,,
4,15,Cmq+Cmalphadot,Ref.9 data book,0.4,0,10,2,-2.72,,,
4,15,Cmq+Cmalphadot,Ref.9 data book,0.4,0,10,4,-2.72,,,
4,15,Cmq+Cmalphadot,Ref.9 data book,0.4,0,10,6,-2.72,,,
4,15,Cmq+Cmalphadot,Ref.9 data book,0.4,0,10,7,-2.59,,,
4,15,Cmq+Cmalphadot,Ref.9 data book,0.4,0,10,8,-2.36,,,
4,15,Cmq+Cmalphadot,Ref.9 data book,0.4,0,10,9,-2.05,,,
4,15,Cmq+Cmalphadot,Ref.9 data book,0.4,0,10,10,-1.75,,,line read through/near symbols; +-0.08
4,15,Cmq+Cmalphadot,Ref.9 data book,0.4,0,10,11,-1.45,,,
4,15,Cmq+Cmalphadot,Ref.9 data book,0.4,0,10,12,-1.23,,,
4,15,Cmq+Cmalphadot,Ref.9 data book,0.4,0,10,13,-1.07,,,
4,15,Cmq+Cmalphadot,Ref.9 data book,0.4,0,10,14,-1.00,,,line read through/near symbols; +-0.08
4,15,Cmq+Cmalphadot,Ref.9 data book,0.4,0,10,15,-0.99,,,
4,15,Cmq+Cmalphadot,Ref.9 data book,0.4,0,10,16,-0.97,,,
4,15,Cmq+Cmalphadot,Ref.9 data book,0.4,0,10,17,-1.35,,,
4,15,Cmq+Cmalphadot,Ref.9 data book,0.4,0,10,17.8,-1.86,,,
4,15,Cmq+Cmalphadot,Ref.9 data book,0.4,0,10,18,-1.98,,,curve end
4,15,Cmq+Cmalphadot,Ref.9 data book,0.6,0,10,0,-2.79,,,
4,15,Cmq+Cmalphadot,Ref.9 data book,0.6,0,10,2,-2.79,,,
4,15,Cmq+Cmalphadot,Ref.9 data book,0.6,0,10,4,-2.79,,,
4,15,Cmq+Cmalphadot,Ref.9 data book,0.6,0,10,6,-2.79,,,
4,15,Cmq+Cmalphadot,Ref.9 data book,0.6,0,10,7,-2.72,,,
4,15,Cmq+Cmalphadot,Ref.9 data book,0.6,0,10,8,-2.52,,,
4,15,Cmq+Cmalphadot,Ref.9 data book,0.6,0,10,9,-2.25,,,
4,15,Cmq+Cmalphadot,Ref.9 data book,0.6,0,10,10,-1.85,,,line read through/near symbols; +-0.08
4,15,Cmq+Cmalphadot,Ref.9 data book,0.6,0,10,11,-1.62,,,
4,15,Cmq+Cmalphadot,Ref.9 data book,0.6,0,10,12,-1.33,,,
4,15,Cmq+Cmalphadot,Ref.9 data book,0.6,0,10,13,-1.13,,,
4,15,Cmq+Cmalphadot,Ref.9 data book,0.6,0,10,14,-1.06,,,line read through/near symbols; +-0.08
4,15,Cmq+Cmalphadot,Ref.9 data book,0.6,0,10,15,-1.11,,,
4,15,Cmq+Cmalphadot,Ref.9 data book,0.6,0,10,16,-1.24,,,
4,15,Cmq+Cmalphadot,Ref.9 data book,0.6,0,10,17,-1.46,,,
4,15,Cmq+Cmalphadot,Ref.9 data book,0.6,0,10,17.8,-1.63,,,
4,15,Cmq+Cmalphadot,Ref.9 data book,0.6,0,10,18,-1.68,,,curve end
5,16,Cnr-Cnbetadot (flt) / Cnr-Cnbetadot*cos(alpha) (w.t.),flight,0.53,trim,43,2.82,-0.222,-0.151,-0.287,filled circle
5,16,Cnr-Cnbetadot (flt) / Cnr-Cnbetadot*cos(alpha) (w.t.),flight,0.56,trim,3.8,3.40,-0.258,,,filled square; band not separable from neighbours
5,16,Cnr-Cnbetadot (flt) / Cnr-Cnbetadot*cos(alpha) (w.t.),flight,0.53,trim,3.8,3.59,-0.314,,-0.347,filled diamond; upper cap hidden
5,16,Cnr-Cnbetadot (flt) / Cnr-Cnbetadot*cos(alpha) (w.t.),flight,0.49,trim,3.8,6.91,-0.110,-0.053,-0.167,filled triangle
5,16,Cnr-Cnbetadot (flt) / Cnr-Cnbetadot*cos(alpha) (w.t.),flight,0.41,trim,3.8,10.25,-0.235,-0.148,-0.331,half-filled triangle; centre +-0.01
5,16,Cnr-Cnbetadot (flt) / Cnr-Cnbetadot*cos(alpha) (w.t.),wind tunnel,0.30,0,10,0.00,-0.275,,,
5,16,Cnr-Cnbetadot (flt) / Cnr-Cnbetadot*cos(alpha) (w.t.),wind tunnel,0.30,0,10,0.00,-0.300,,,
5,16,Cnr-Cnbetadot (flt) / Cnr-Cnbetadot*cos(alpha) (w.t.),wind tunnel,0.30,0,10,0.00,-0.369,,,
5,16,Cnr-Cnbetadot (flt) / Cnr-Cnbetadot*cos(alpha) (w.t.),wind tunnel,0.30,0,10,1.91,-0.298,,,
5,16,Cnr-Cnbetadot (flt) / Cnr-Cnbetadot*cos(alpha) (w.t.),wind tunnel,0.30,0,10,1.93,-0.340,,,
5,16,Cnr-Cnbetadot (flt) / Cnr-Cnbetadot*cos(alpha) (w.t.),wind tunnel,0.30,0,10,3.90,-0.237,,,
5,16,Cnr-Cnbetadot (flt) / Cnr-Cnbetadot*cos(alpha) (w.t.),wind tunnel,0.30,0,10,3.90,-0.267,,,
5,16,Cnr-Cnbetadot (flt) / Cnr-Cnbetadot*cos(alpha) (w.t.),wind tunnel,0.30,0,10,5.90,-0.295,,,overlapping pair; +-0.01
5,16,Cnr-Cnbetadot (flt) / Cnr-Cnbetadot*cos(alpha) (w.t.),wind tunnel,0.30,0,10,5.90,-0.310,,,overlapping pair; +-0.01
5,16,Cnr-Cnbetadot (flt) / Cnr-Cnbetadot*cos(alpha) (w.t.),wind tunnel,0.30,0,10,8.19,-0.233,,,
5,16,Cnr-Cnbetadot (flt) / Cnr-Cnbetadot*cos(alpha) (w.t.),wind tunnel,0.30,0,10,8.20,-0.264,,,
5,16,Cnr-Cnbetadot (flt) / Cnr-Cnbetadot*cos(alpha) (w.t.),wind tunnel,0.30,0,10,10.11,-0.283,,,
5,16,Cnr-Cnbetadot (flt) / Cnr-Cnbetadot*cos(alpha) (w.t.),wind tunnel,0.30,0,10,10.13,-0.316,,,
5,16,Cnr-Cnbetadot (flt) / Cnr-Cnbetadot*cos(alpha) (w.t.),wind tunnel,0.30,0,10,12.00,-0.282,,,overlapping pair; +-0.01
5,16,Cnr-Cnbetadot (flt) / Cnr-Cnbetadot*cos(alpha) (w.t.),wind tunnel,0.30,0,10,12.00,-0.298,,,overlapping pair; +-0.01
5,16,Cnr-Cnbetadot (flt) / Cnr-Cnbetadot*cos(alpha) (w.t.),wind tunnel,0.30,0,10,13.89,-0.176,,,
5,16,Cnr-Cnbetadot (flt) / Cnr-Cnbetadot*cos(alpha) (w.t.),wind tunnel,0.30,0,10,13.87,-0.215,,,
5,16,Cnr-Cnbetadot (flt) / Cnr-Cnbetadot*cos(alpha) (w.t.),wind tunnel,0.30,0,10,15.96,-0.387,,,
5,16,Cnr-Cnbetadot (flt) / Cnr-Cnbetadot*cos(alpha) (w.t.),wind tunnel,0.30,0,10,15.95,-0.419,,,
5,16,Cnr-Cnbetadot (flt) / Cnr-Cnbetadot*cos(alpha) (w.t.),wind tunnel,0.30,0,10,18.08,-0.413,,,
5,16,Cnr-Cnbetadot (flt) / Cnr-Cnbetadot*cos(alpha) (w.t.),wind tunnel,0.30,0,10,18.06,-0.436,,,
5,16,Cnr-Cnbetadot (flt) / Cnr-Cnbetadot*cos(alpha) (w.t.),Ref.9 data book,0.4,0,10,0,-0.300,,,line; +-0.015
5,16,Cnr-Cnbetadot (flt) / Cnr-Cnbetadot*cos(alpha) (w.t.),Ref.9 data book,0.4,0,10,1,-0.325,,,line; +-0.015
5,16,Cnr-Cnbetadot (flt) / Cnr-Cnbetadot*cos(alpha) (w.t.),Ref.9 data book,0.4,0,10,2,-0.345,,,line; +-0.015
5,16,Cnr-Cnbetadot (flt) / Cnr-Cnbetadot*cos(alpha) (w.t.),Ref.9 data book,0.4,0,10,3,-0.300,,,line; +-0.015
5,16,Cnr-Cnbetadot (flt) / Cnr-Cnbetadot*cos(alpha) (w.t.),Ref.9 data book,0.4,0,10,4,-0.270,,,line; +-0.015; lines overlap 4-7 deg
5,16,Cnr-Cnbetadot (flt) / Cnr-Cnbetadot*cos(alpha) (w.t.),Ref.9 data book,0.4,0,10,5,-0.270,,,line; +-0.015; lines overlap 4-7 deg
5,16,Cnr-Cnbetadot (flt) / Cnr-Cnbetadot*cos(alpha) (w.t.),Ref.9 data book,0.4,0,10,6,-0.275,,,line; +-0.015; lines overlap 4-7 deg
5,16,Cnr-Cnbetadot (flt) / Cnr-Cnbetadot*cos(alpha) (w.t.),Ref.9 data book,0.4,0,10,7,-0.290,,,line; +-0.015; lines overlap 4-7 deg
5,16,Cnr-Cnbetadot (flt) / Cnr-Cnbetadot*cos(alpha) (w.t.),Ref.9 data book,0.4,0,10,8,-0.290,,,line; +-0.015
5,16,Cnr-Cnbetadot (flt) / Cnr-Cnbetadot*cos(alpha) (w.t.),Ref.9 data book,0.4,0,10,9,-0.300,,,line; +-0.015
5,16,Cnr-Cnbetadot (flt) / Cnr-Cnbetadot*cos(alpha) (w.t.),Ref.9 data book,0.4,0,10,10,-0.300,,,line; +-0.015
5,16,Cnr-Cnbetadot (flt) / Cnr-Cnbetadot*cos(alpha) (w.t.),Ref.9 data book,0.4,0,10,11,-0.300,,,line; +-0.015
5,16,Cnr-Cnbetadot (flt) / Cnr-Cnbetadot*cos(alpha) (w.t.),Ref.9 data book,0.4,0,10,12,-0.300,,,line; +-0.015
5,16,Cnr-Cnbetadot (flt) / Cnr-Cnbetadot*cos(alpha) (w.t.),Ref.9 data book,0.4,0,10,13,-0.300,,,line; +-0.015
5,16,Cnr-Cnbetadot (flt) / Cnr-Cnbetadot*cos(alpha) (w.t.),Ref.9 data book,0.4,0,10,14,-0.300,,,line; +-0.015
5,16,Cnr-Cnbetadot (flt) / Cnr-Cnbetadot*cos(alpha) (w.t.),Ref.9 data book,0.4,0,10,15,-0.370,,,line; +-0.015
5,16,Cnr-Cnbetadot (flt) / Cnr-Cnbetadot*cos(alpha) (w.t.),Ref.9 data book,0.4,0,10,16,-0.450,,,line; +-0.015
5,16,Cnr-Cnbetadot (flt) / Cnr-Cnbetadot*cos(alpha) (w.t.),Ref.9 data book,0.4,0,10,17,-0.420,,,line; +-0.015
5,16,Cnr-Cnbetadot (flt) / Cnr-Cnbetadot*cos(alpha) (w.t.),Ref.9 data book,0.4,0,10,17.8,-0.390,,,line; +-0.015
5,16,Cnr-Cnbetadot (flt) / Cnr-Cnbetadot*cos(alpha) (w.t.),Ref.9 data book,0.6,0,10,0,-0.290,,,line; +-0.015
5,16,Cnr-Cnbetadot (flt) / Cnr-Cnbetadot*cos(alpha) (w.t.),Ref.9 data book,0.6,0,10,1,-0.290,,,line; +-0.015
5,16,Cnr-Cnbetadot (flt) / Cnr-Cnbetadot*cos(alpha) (w.t.),Ref.9 data book,0.6,0,10,2,-0.290,,,line; +-0.015
5,16,Cnr-Cnbetadot (flt) / Cnr-Cnbetadot*cos(alpha) (w.t.),Ref.9 data book,0.6,0,10,3,-0.280,,,line; +-0.015
5,16,Cnr-Cnbetadot (flt) / Cnr-Cnbetadot*cos(alpha) (w.t.),Ref.9 data book,0.6,0,10,4,-0.260,,,line; +-0.015; lines overlap 4-7 deg
5,16,Cnr-Cnbetadot (flt) / Cnr-Cnbetadot*cos(alpha) (w.t.),Ref.9 data book,0.6,0,10,5,-0.260,,,line; +-0.015; lines overlap 4-7 deg
5,16,Cnr-Cnbetadot (flt) / Cnr-Cnbetadot*cos(alpha) (w.t.),Ref.9 data book,0.6,0,10,6,-0.260,,,line; +-0.015; lines overlap 4-7 deg
5,16,Cnr-Cnbetadot (flt) / Cnr-Cnbetadot*cos(alpha) (w.t.),Ref.9 data book,0.6,0,10,7,-0.290,,,line; +-0.015; lines overlap 4-7 deg
5,16,Cnr-Cnbetadot (flt) / Cnr-Cnbetadot*cos(alpha) (w.t.),Ref.9 data book,0.6,0,10,8,-0.320,,,line; +-0.015
5,16,Cnr-Cnbetadot (flt) / Cnr-Cnbetadot*cos(alpha) (w.t.),Ref.9 data book,0.6,0,10,9,-0.330,,,line; +-0.015
5,16,Cnr-Cnbetadot (flt) / Cnr-Cnbetadot*cos(alpha) (w.t.),Ref.9 data book,0.6,0,10,10,-0.330,,,line; +-0.015
5,16,Cnr-Cnbetadot (flt) / Cnr-Cnbetadot*cos(alpha) (w.t.),Ref.9 data book,0.6,0,10,11,-0.330,,,line; +-0.015
5,16,Cnr-Cnbetadot (flt) / Cnr-Cnbetadot*cos(alpha) (w.t.),Ref.9 data book,0.6,0,10,12,-0.340,,,line; +-0.015
5,16,Cnr-Cnbetadot (flt) / Cnr-Cnbetadot*cos(alpha) (w.t.),Ref.9 data book,0.6,0,10,13,-0.360,,,line; +-0.015
5,16,Cnr-Cnbetadot (flt) / Cnr-Cnbetadot*cos(alpha) (w.t.),Ref.9 data book,0.6,0,10,14,-0.390,,,line; +-0.015
5,16,Cnr-Cnbetadot (flt) / Cnr-Cnbetadot*cos(alpha) (w.t.),Ref.9 data book,0.6,0,10,15,-0.420,,,line; +-0.015
5,16,Cnr-Cnbetadot (flt) / Cnr-Cnbetadot*cos(alpha) (w.t.),Ref.9 data book,0.6,0,10,16,-0.445,,,line; +-0.015
5,16,Cnr-Cnbetadot (flt) / Cnr-Cnbetadot*cos(alpha) (w.t.),Ref.9 data book,0.6,0,10,16.5,-0.440,,,line; +-0.015
5,16,Cnr-Cnbetadot (flt) / Cnr-Cnbetadot*cos(alpha) (w.t.),Ref.9 data book,0.6,0,10,17,-0.390,,,line; +-0.015
5,16,Cnr-Cnbetadot (flt) / Cnr-Cnbetadot*cos(alpha) (w.t.),Ref.9 data book,0.6,0,10,17.5,-0.350,,,line; +-0.015
5,16,Cnr-Cnbetadot (flt) / Cnr-Cnbetadot*cos(alpha) (w.t.),Ref.9 data book,0.6,0,10,17.8,-0.320,,,line; +-0.015
6,17,Clp (flt) / Clp+Clbetadot*sin(alpha) (w.t.),flight,0.53,trim,3.8,2.90,-0.257,-0.229,-0.288,filled circle
6,17,Clp (flt) / Clp+Clbetadot*sin(alpha) (w.t.),flight,0.56,trim,3.8,3.49,-0.207,-0.181,-0.228,filled square
6,17,Clp (flt) / Clp+Clbetadot*sin(alpha) (w.t.),flight,0.53,trim,3.8,3.72,-0.234,-0.204,-0.262,filled diamond
6,17,Clp (flt) / Clp+Clbetadot*sin(alpha) (w.t.),flight,0.49,trim,43,6.94,-0.297,-0.277,-0.311,filled triangle
6,17,Clp (flt) / Clp+Clbetadot*sin(alpha) (w.t.),flight,0.41,trim,43,10.23,-0.240,-0.21,-0.254,half-filled triangle; centroid of filled part +-0.01
6,17,Clp (flt) / Clp+Clbetadot*sin(alpha) (w.t.),wind tunnel,0.30,0,10,0.00,-0.262,,,overlapping pair at 0 deg; +-0.01
6,17,Clp (flt) / Clp+Clbetadot*sin(alpha) (w.t.),wind tunnel,0.30,0,10,0.10,-0.272,,,overlapping pair at 0 deg; +-0.01
6,17,Clp (flt) / Clp+Clbetadot*sin(alpha) (w.t.),wind tunnel,0.30,0,10,1.95,-0.286,,,
6,17,Clp (flt) / Clp+Clbetadot*sin(alpha) (w.t.),wind tunnel,0.30,0,10,3.90,-0.275,,,
6,17,Clp (flt) / Clp+Clbetadot*sin(alpha) (w.t.),wind tunnel,0.30,0,10,5.98,-0.294,,,
6,17,Clp (flt) / Clp+Clbetadot*sin(alpha) (w.t.),wind tunnel,0.30,0,10,7.95,-0.300,,,centre from column scan
6,17,Clp (flt) / Clp+Clbetadot*sin(alpha) (w.t.),wind tunnel,0.30,0,10,10.06,-0.320,,,
6,17,Clp (flt) / Clp+Clbetadot*sin(alpha) (w.t.),wind tunnel,0.30,0,10,11.92,-0.363,,,
6,17,Clp (flt) / Clp+Clbetadot*sin(alpha) (w.t.),wind tunnel,0.30,0,10,14.03,-0.359,,,
6,17,Clp (flt) / Clp+Clbetadot*sin(alpha) (w.t.),wind tunnel,0.30,0,10,15.99,-0.269,,,
6,17,Clp (flt) / Clp+Clbetadot*sin(alpha) (w.t.),wind tunnel,0.30,0,10,18.03,-0.382,,,
6,17,Clp (flt) / Clp+Clbetadot*sin(alpha) (w.t.),Ref.9 data book,0.4,0,10,0,-0.270,,,line; the two Ref.9 lines lie within 0.02 of each other and of the w.t. fairing below 10 deg; +-0.015
6,17,Clp (flt) / Clp+Clbetadot*sin(alpha) (w.t.),Ref.9 data book,0.4,0,10,2,-0.285,,,line; the two Ref.9 lines lie within 0.02 of each other and of the w.t. fairing below 10 deg; +-0.015
6,17,Clp (flt) / Clp+Clbetadot*sin(alpha) (w.t.),Ref.9 data book,0.4,0,10,4,-0.290,,,line; the two Ref.9 lines lie within 0.02 of each other and of the w.t. fairing below 10 deg; +-0.015
6,17,Clp (flt) / Clp+Clbetadot*sin(alpha) (w.t.),Ref.9 data book,0.4,0,10,6,-0.300,,,line; the two Ref.9 lines lie within 0.02 of each other and of the w.t. fairing below 10 deg; +-0.015
6,17,Clp (flt) / Clp+Clbetadot*sin(alpha) (w.t.),Ref.9 data book,0.4,0,10,8,-0.305,,,line; the two Ref.9 lines lie within 0.02 of each other and of the w.t. fairing below 10 deg; +-0.015
6,17,Clp (flt) / Clp+Clbetadot*sin(alpha) (w.t.),Ref.9 data book,0.4,0,10,10,-0.320,,,line; the two Ref.9 lines lie within 0.02 of each other and of the w.t. fairing below 10 deg; +-0.015
6,17,Clp (flt) / Clp+Clbetadot*sin(alpha) (w.t.),Ref.9 data book,0.4,0,10,12,-0.335,,,line; the two Ref.9 lines lie within 0.02 of each other and of the w.t. fairing below 10 deg; +-0.015
6,17,Clp (flt) / Clp+Clbetadot*sin(alpha) (w.t.),Ref.9 data book,0.4,0,10,14,-0.350,,,line; the two Ref.9 lines lie within 0.02 of each other and of the w.t. fairing below 10 deg; +-0.015
6,17,Clp (flt) / Clp+Clbetadot*sin(alpha) (w.t.),Ref.9 data book,0.4,0,10,16,-0.355,,,line; the two Ref.9 lines lie within 0.02 of each other and of the w.t. fairing below 10 deg; +-0.015
6,17,Clp (flt) / Clp+Clbetadot*sin(alpha) (w.t.),Ref.9 data book,0.4,0,10,18,-0.370,,,line; the two Ref.9 lines lie within 0.02 of each other and of the w.t. fairing below 10 deg; +-0.015
6,17,Clp (flt) / Clp+Clbetadot*sin(alpha) (w.t.),Ref.9 data book,0.6,0,10,0,-0.270,,,line; the two Ref.9 lines lie within 0.02 of each other and of the w.t. fairing below 10 deg; +-0.015
6,17,Clp (flt) / Clp+Clbetadot*sin(alpha) (w.t.),Ref.9 data book,0.6,0,10,2,-0.280,,,line; the two Ref.9 lines lie within 0.02 of each other and of the w.t. fairing below 10 deg; +-0.015
6,17,Clp (flt) / Clp+Clbetadot*sin(alpha) (w.t.),Ref.9 data book,0.6,0,10,4,-0.285,,,line; the two Ref.9 lines lie within 0.02 of each other and of the w.t. fairing below 10 deg; +-0.015
6,17,Clp (flt) / Clp+Clbetadot*sin(alpha) (w.t.),Ref.9 data book,0.6,0,10,6,-0.295,,,line; the two Ref.9 lines lie within 0.02 of each other and of the w.t. fairing below 10 deg; +-0.015
6,17,Clp (flt) / Clp+Clbetadot*sin(alpha) (w.t.),Ref.9 data book,0.6,0,10,8,-0.300,,,line; the two Ref.9 lines lie within 0.02 of each other and of the w.t. fairing below 10 deg; +-0.015
6,17,Clp (flt) / Clp+Clbetadot*sin(alpha) (w.t.),Ref.9 data book,0.6,0,10,10,-0.310,,,line; the two Ref.9 lines lie within 0.02 of each other and of the w.t. fairing below 10 deg; +-0.015
6,17,Clp (flt) / Clp+Clbetadot*sin(alpha) (w.t.),Ref.9 data book,0.6,0,10,12,-0.330,,,line; the two Ref.9 lines lie within 0.02 of each other and of the w.t. fairing below 10 deg; +-0.015
6,17,Clp (flt) / Clp+Clbetadot*sin(alpha) (w.t.),Ref.9 data book,0.6,0,10,14,-0.340,,,line; the two Ref.9 lines lie within 0.02 of each other and of the w.t. fairing below 10 deg; +-0.015
6,17,Clp (flt) / Clp+Clbetadot*sin(alpha) (w.t.),Ref.9 data book,0.6,0,10,16,-0.345,,,line; the two Ref.9 lines lie within 0.02 of each other and of the w.t. fairing below 10 deg; +-0.015
6,17,Clp (flt) / Clp+Clbetadot*sin(alpha) (w.t.),Ref.9 data book,0.6,0,10,18,-0.350,,,line; the two Ref.9 lines lie within 0.02 of each other and of the w.t. fairing below 10 deg; +-0.015
7,18,Clr-Clbetadot (flt) / Clr-Clbetadot*cos(alpha) (w.t.),flight,0.53,trim,3.8,2.95,0.120,0.162,0.076,filled circle
7,18,Clr-Clbetadot (flt) / Clr-Clbetadot*cos(alpha) (w.t.),flight,0.56,trim,3.8,3.55,0.060,0.11,0.015,filled square; overlaps diamond; +-0.015
7,18,Clr-Clbetadot (flt) / Clr-Clbetadot*cos(alpha) (w.t.),flight,0.53,trim,3.8,3.75,0.085,0.115,0.055,filled diamond; overlaps square; +-0.015
7,18,Clr-Clbetadot (flt) / Clr-Clbetadot*cos(alpha) (w.t.),flight,0.49,trim,43,6.97,0.105,0.129,0.074,filled triangle
7,18,Clr-Clbetadot (flt) / Clr-Clbetadot*cos(alpha) (w.t.),flight,0.41,trim,43,10.16,0.110,0.155,0.056,half-filled triangle; +-0.01
7,18,Clr-Clbetadot (flt) / Clr-Clbetadot*cos(alpha) (w.t.),wind tunnel,0.30,0,10,0.00,0.080,,,
7,18,Clr-Clbetadot (flt) / Clr-Clbetadot*cos(alpha) (w.t.),wind tunnel,0.30,0,10,2.03,0.103,,,
7,18,Clr-Clbetadot (flt) / Clr-Clbetadot*cos(alpha) (w.t.),wind tunnel,0.30,0,10,4.00,0.176,,,
7,18,Clr-Clbetadot (flt) / Clr-Clbetadot*cos(alpha) (w.t.),wind tunnel,0.30,0,10,4.02,0.077,,,
7,18,Clr-Clbetadot (flt) / Clr-Clbetadot*cos(alpha) (w.t.),wind tunnel,0.30,0,10,6.03,0.187,,,
7,18,Clr-Clbetadot (flt) / Clr-Clbetadot*cos(alpha) (w.t.),wind tunnel,0.30,0,10,6.03,0.154,,,
7,18,Clr-Clbetadot (flt) / Clr-Clbetadot*cos(alpha) (w.t.),wind tunnel,0.30,0,10,7.98,0.173,,,
7,18,Clr-Clbetadot (flt) / Clr-Clbetadot*cos(alpha) (w.t.),wind tunnel,0.30,0,10,8.00,0.133,,,
7,18,Clr-Clbetadot (flt) / Clr-Clbetadot*cos(alpha) (w.t.),wind tunnel,0.30,0,10,9.91,0.262,,,
7,18,Clr-Clbetadot (flt) / Clr-Clbetadot*cos(alpha) (w.t.),wind tunnel,0.30,0,10,9.94,0.193,,,
7,18,Clr-Clbetadot (flt) / Clr-Clbetadot*cos(alpha) (w.t.),wind tunnel,0.30,0,10,11.86,0.253,,,
7,18,Clr-Clbetadot (flt) / Clr-Clbetadot*cos(alpha) (w.t.),wind tunnel,0.30,0,10,11.88,0.224,,,
7,18,Clr-Clbetadot (flt) / Clr-Clbetadot*cos(alpha) (w.t.),wind tunnel,0.30,0,10,13.77,0.420,,,overlapping pair; +-0.01
7,18,Clr-Clbetadot (flt) / Clr-Clbetadot*cos(alpha) (w.t.),wind tunnel,0.30,0,10,13.77,0.410,,,overlapping pair; +-0.01
7,18,Clr-Clbetadot (flt) / Clr-Clbetadot*cos(alpha) (w.t.),wind tunnel,0.30,0,10,15.93,0.076,,,
7,18,Clr-Clbetadot (flt) / Clr-Clbetadot*cos(alpha) (w.t.),wind tunnel,0.30,0,10,15.90,0.032,,,
7,18,Clr-Clbetadot (flt) / Clr-Clbetadot*cos(alpha) (w.t.),wind tunnel,0.30,0,10,17.85,0.279,,,
7,18,Clr-Clbetadot (flt) / Clr-Clbetadot*cos(alpha) (w.t.),wind tunnel,0.30,0,10,17.83,0.213,,,
7,18,Clr-Clbetadot (flt) / Clr-Clbetadot*cos(alpha) (w.t.),Ref.9 data book,0.4,0,10,0,0.130,,,the 0.4 and 0.6 lines are indistinguishable on the scan (same values given to both); +-0.015
7,18,Clr-Clbetadot (flt) / Clr-Clbetadot*cos(alpha) (w.t.),Ref.9 data book,0.4,0,10,2,0.140,,,the 0.4 and 0.6 lines are indistinguishable on the scan (same values given to both); +-0.015
7,18,Clr-Clbetadot (flt) / Clr-Clbetadot*cos(alpha) (w.t.),Ref.9 data book,0.4,0,10,4,0.155,,,the 0.4 and 0.6 lines are indistinguishable on the scan (same values given to both); +-0.015
7,18,Clr-Clbetadot (flt) / Clr-Clbetadot*cos(alpha) (w.t.),Ref.9 data book,0.4,0,10,6,0.165,,,the 0.4 and 0.6 lines are indistinguishable on the scan (same values given to both); +-0.015
7,18,Clr-Clbetadot (flt) / Clr-Clbetadot*cos(alpha) (w.t.),Ref.9 data book,0.4,0,10,8,0.175,,,the 0.4 and 0.6 lines are indistinguishable on the scan (same values given to both); +-0.015
7,18,Clr-Clbetadot (flt) / Clr-Clbetadot*cos(alpha) (w.t.),Ref.9 data book,0.4,0,10,10,0.180,,,the 0.4 and 0.6 lines are indistinguishable on the scan (same values given to both); +-0.015
7,18,Clr-Clbetadot (flt) / Clr-Clbetadot*cos(alpha) (w.t.),Ref.9 data book,0.4,0,10,12,0.195,,,the 0.4 and 0.6 lines are indistinguishable on the scan (same values given to both); +-0.015
7,18,Clr-Clbetadot (flt) / Clr-Clbetadot*cos(alpha) (w.t.),Ref.9 data book,0.4,0,10,14,0.205,,,the 0.4 and 0.6 lines are indistinguishable on the scan (same values given to both); +-0.015
7,18,Clr-Clbetadot (flt) / Clr-Clbetadot*cos(alpha) (w.t.),Ref.9 data book,0.4,0,10,16,0.215,,,the 0.4 and 0.6 lines are indistinguishable on the scan (same values given to both); +-0.015
7,18,Clr-Clbetadot (flt) / Clr-Clbetadot*cos(alpha) (w.t.),Ref.9 data book,0.4,0,10,18,0.230,,,the 0.4 and 0.6 lines are indistinguishable on the scan (same values given to both); +-0.015
7,18,Clr-Clbetadot (flt) / Clr-Clbetadot*cos(alpha) (w.t.),Ref.9 data book,0.6,0,10,0,0.130,,,the 0.4 and 0.6 lines are indistinguishable on the scan (same values given to both); +-0.015
7,18,Clr-Clbetadot (flt) / Clr-Clbetadot*cos(alpha) (w.t.),Ref.9 data book,0.6,0,10,2,0.140,,,the 0.4 and 0.6 lines are indistinguishable on the scan (same values given to both); +-0.015
7,18,Clr-Clbetadot (flt) / Clr-Clbetadot*cos(alpha) (w.t.),Ref.9 data book,0.6,0,10,4,0.155,,,the 0.4 and 0.6 lines are indistinguishable on the scan (same values given to both); +-0.015
7,18,Clr-Clbetadot (flt) / Clr-Clbetadot*cos(alpha) (w.t.),Ref.9 data book,0.6,0,10,6,0.165,,,the 0.4 and 0.6 lines are indistinguishable on the scan (same values given to both); +-0.015
7,18,Clr-Clbetadot (flt) / Clr-Clbetadot*cos(alpha) (w.t.),Ref.9 data book,0.6,0,10,8,0.175,,,the 0.4 and 0.6 lines are indistinguishable on the scan (same values given to both); +-0.015
7,18,Clr-Clbetadot (flt) / Clr-Clbetadot*cos(alpha) (w.t.),Ref.9 data book,0.6,0,10,10,0.180,,,the 0.4 and 0.6 lines are indistinguishable on the scan (same values given to both); +-0.015
7,18,Clr-Clbetadot (flt) / Clr-Clbetadot*cos(alpha) (w.t.),Ref.9 data book,0.6,0,10,12,0.195,,,the 0.4 and 0.6 lines are indistinguishable on the scan (same values given to both); +-0.015
7,18,Clr-Clbetadot (flt) / Clr-Clbetadot*cos(alpha) (w.t.),Ref.9 data book,0.6,0,10,14,0.205,,,the 0.4 and 0.6 lines are indistinguishable on the scan (same values given to both); +-0.015
7,18,Clr-Clbetadot (flt) / Clr-Clbetadot*cos(alpha) (w.t.),Ref.9 data book,0.6,0,10,16,0.215,,,the 0.4 and 0.6 lines are indistinguishable on the scan (same values given to both); +-0.015
7,18,Clr-Clbetadot (flt) / Clr-Clbetadot*cos(alpha) (w.t.),Ref.9 data book,0.6,0,10,18,0.230,,,the 0.4 and 0.6 lines are indistinguishable on the scan (same values given to both); +-0.015
8,19,Cnp (flt) / Cnp+Cnbetadot*sin(alpha) (w.t.),flight,0.53,trim,43,2.94,0.029,0.063,-0.012,filled circle
8,19,Cnp (flt) / Cnp+Cnbetadot*sin(alpha) (w.t.),flight,0.53,trim,3.8,3.74,0.100,0.131,0.07,filled square
8,19,Cnp (flt) / Cnp+Cnbetadot*sin(alpha) (w.t.),flight,0.49,trim,3.8,6.95,-0.064,-0.045,-0.082,filled diamond
8,19,Cnp (flt) / Cnp+Cnbetadot*sin(alpha) (w.t.),flight,0.41,trim,3.8,10.15,-0.035,0.001,-0.066,filled triangle; +-0.01
8,19,Cnp (flt) / Cnp+Cnbetadot*sin(alpha) (w.t.),wind tunnel,0.30,0,10,0.00,0.034,,,
8,19,Cnp (flt) / Cnp+Cnbetadot*sin(alpha) (w.t.),wind tunnel,0.30,0,10,0.00,-0.002,,,
8,19,Cnp (flt) / Cnp+Cnbetadot*sin(alpha) (w.t.),wind tunnel,0.30,0,10,1.98,0.075,,,overlapping pair; +-0.008
8,19,Cnp (flt) / Cnp+Cnbetadot*sin(alpha) (w.t.),wind tunnel,0.30,0,10,1.98,0.065,,,overlapping pair; +-0.008
8,19,Cnp (flt) / Cnp+Cnbetadot*sin(alpha) (w.t.),wind tunnel,0.30,0,10,3.90,-0.019,,,
8,19,Cnp (flt) / Cnp+Cnbetadot*sin(alpha) (w.t.),wind tunnel,0.30,0,10,3.90,-0.050,,,
8,19,Cnp (flt) / Cnp+Cnbetadot*sin(alpha) (w.t.),wind tunnel,0.30,0,10,5.97,-0.057,,,
8,19,Cnp (flt) / Cnp+Cnbetadot*sin(alpha) (w.t.),wind tunnel,0.30,0,10,5.97,-0.084,,,
8,19,Cnp (flt) / Cnp+Cnbetadot*sin(alpha) (w.t.),wind tunnel,0.30,0,10,7.98,0.045,,,overlapping pair; +-0.008
8,19,Cnp (flt) / Cnp+Cnbetadot*sin(alpha) (w.t.),wind tunnel,0.30,0,10,7.98,0.035,,,overlapping pair; +-0.008
8,19,Cnp (flt) / Cnp+Cnbetadot*sin(alpha) (w.t.),wind tunnel,0.30,0,10,9.95,0.017,,,
8,19,Cnp (flt) / Cnp+Cnbetadot*sin(alpha) (w.t.),wind tunnel,0.30,0,10,11.88,0.072,,,
8,19,Cnp (flt) / Cnp+Cnbetadot*sin(alpha) (w.t.),wind tunnel,0.30,0,10,13.96,0.088,,,overlapping pair; +-0.008
8,19,Cnp (flt) / Cnp+Cnbetadot*sin(alpha) (w.t.),wind tunnel,0.30,0,10,13.96,0.079,,,overlapping pair; +-0.008
8,19,Cnp (flt) / Cnp+Cnbetadot*sin(alpha) (w.t.),wind tunnel,0.30,0,10,15.94,0.133,,,
8,19,Cnp (flt) / Cnp+Cnbetadot*sin(alpha) (w.t.),wind tunnel,0.30,0,10,18.00,0.105,,,overlapping pair; +-0.008
8,19,Cnp (flt) / Cnp+Cnbetadot*sin(alpha) (w.t.),wind tunnel,0.30,0,10,18.00,0.095,,,overlapping pair; +-0.008
8,19,Cnp (flt) / Cnp+Cnbetadot*sin(alpha) (w.t.),Ref.9 data book,0.4,0,10,0,0.190,,,line; +-0.01
8,19,Cnp (flt) / Cnp+Cnbetadot*sin(alpha) (w.t.),Ref.9 data book,0.4,0,10,2,0.180,,,line; +-0.01
8,19,Cnp (flt) / Cnp+Cnbetadot*sin(alpha) (w.t.),Ref.9 data book,0.4,0,10,4,0.170,,,line; +-0.01
8,19,Cnp (flt) / Cnp+Cnbetadot*sin(alpha) (w.t.),Ref.9 data book,0.4,0,10,6,0.160,,,line; +-0.01
8,19,Cnp (flt) / Cnp+Cnbetadot*sin(alpha) (w.t.),Ref.9 data book,0.4,0,10,8,0.150,,,line; +-0.01
8,19,Cnp (flt) / Cnp+Cnbetadot*sin(alpha) (w.t.),Ref.9 data book,0.4,0,10,10,0.140,,,line; +-0.01
8,19,Cnp (flt) / Cnp+Cnbetadot*sin(alpha) (w.t.),Ref.9 data book,0.4,0,10,12,0.145,,,line; +-0.01
8,19,Cnp (flt) / Cnp+Cnbetadot*sin(alpha) (w.t.),Ref.9 data book,0.4,0,10,14,0.155,,,line; +-0.01
8,19,Cnp (flt) / Cnp+Cnbetadot*sin(alpha) (w.t.),Ref.9 data book,0.4,0,10,16,0.160,,,line; +-0.01
8,19,Cnp (flt) / Cnp+Cnbetadot*sin(alpha) (w.t.),Ref.9 data book,0.4,0,10,18,0.170,,,line; +-0.01
8,19,Cnp (flt) / Cnp+Cnbetadot*sin(alpha) (w.t.),Ref.9 data book,0.6,0,10,0,0.205,,,line; +-0.01
8,19,Cnp (flt) / Cnp+Cnbetadot*sin(alpha) (w.t.),Ref.9 data book,0.6,0,10,2,0.195,,,line; +-0.01
8,19,Cnp (flt) / Cnp+Cnbetadot*sin(alpha) (w.t.),Ref.9 data book,0.6,0,10,4,0.185,,,line; +-0.01
8,19,Cnp (flt) / Cnp+Cnbetadot*sin(alpha) (w.t.),Ref.9 data book,0.6,0,10,6,0.170,,,line; +-0.01
8,19,Cnp (flt) / Cnp+Cnbetadot*sin(alpha) (w.t.),Ref.9 data book,0.6,0,10,8,0.160,,,line; +-0.01
8,19,Cnp (flt) / Cnp+Cnbetadot*sin(alpha) (w.t.),Ref.9 data book,0.6,0,10,10,0.145,,,line; +-0.01
8,19,Cnp (flt) / Cnp+Cnbetadot*sin(alpha) (w.t.),Ref.9 data book,0.6,0,10,12,0.160,,,line; +-0.01
8,19,Cnp (flt) / Cnp+Cnbetadot*sin(alpha) (w.t.),Ref.9 data book,0.6,0,10,14,0.170,,,line; +-0.01
8,19,Cnp (flt) / Cnp+Cnbetadot*sin(alpha) (w.t.),Ref.9 data book,0.6,0,10,16,0.175,,,line; +-0.01
8,19,Cnp (flt) / Cnp+Cnbetadot*sin(alpha) (w.t.),Ref.9 data book,0.6,0,10,18,0.180,,,line; +-0.01
